Date,HDFCBANK.NS,HINDUNILVR.NS,ICICIBANK.NS,INFY.NS,ITC.NS,NESTLEIND.NS,SBIN.NS,TCS.NS,WIPRO.NS
2021-03-31,-0.03864969602839918,0.013652770851304341,-0.015808516815361107,-0.012452093089553307,0.01841047662938733,1.165886813758732e-05,0.009700617728707561,0.006110354445049149,-0.009447531454771618
2021-04-01,-0.004619563552671235,-0.013324977016489159,0.021130310628900695,0.012535819414302374,0.007093831003649909,-0.00477992977080588,0.01743069791426466,-0.0040437027522785,0.0054327947568511
2021-04-05,-0.024987508759471533,-0.010795755087587233,-0.03894671465426636,0.017831449769432517,-0.03408317975364383,-0.01185976367388375,-0.0461350485276103,0.02334915993584885,0.021733934591552373
2021-04-06,-0.00644995752957056,0.014790010047944113,-0.009365399148521747,0.0008159241324314781,0.0004704899515419747,0.01191613555429294,-0.008485387316812365,0.007965577988227945,0.003995663426089147
2021-04-07,0.004825472798081654,-0.0012664043904370148,0.020763472097341973,0.013571172223648231,0.0054079074330111165,0.019210460039407184,0.02282122168693479,0.002052282895691704,0.025401032611465313
2021-04-08,-0.009950037420283775,0.0019332519781753987,-0.0016446946171893018,0.006747329141816527,-0.002572474837001737,0.0160857415768334,-0.008227495594027356,0.01404596374648559,0.009360673482222026
2021-04-09,-0.007712274183170886,0.02742851212888664,-0.018207015938949245,0.0008334297193102191,-0.0007034183327492283,-0.005511583558278077,-0.007311631980291278,0.0014772144382075858,0.01809548081066148
2021-04-12,-0.03847374102271517,-0.0056541899849866795,-0.048834331431205635,-0.010617331968342136,-0.0366024989292828,-0.0051555785057703085,-0.06841367209089644,-0.022785682901726223,-0.03888026515439502
2021-04-13,0.02435907346827193,-0.003086818800630775,0.04094313622558032,-0.02005949280848951,0.016560905084791022,-0.019018130143298784,0.03694701250702881,-0.043892942357182996,-0.031553275926905155
2021-04-15,0.021244773913910997,0.002546457820060244,0.026043587364068088,-0.026053069450006516,-0.009582830555756594,-0.01707738917666468,0.004985387473458669,0.0370161272283982,0.028046194436963212
2021-04-16,-0.001014011325890074,-0.0007114388337927657,-0.014342858083237764,-0.005144314835084263,0.006047382904381449,0.02230711231671023,-0.008170544444640715,-0.007393574203634512,0.08938938829927157
2021-04-19,-0.011374462563883192,-0.009048637397730763,-0.012699522946996389,0.006500673329385753,-0.011300904240354681,-0.009398850177293028,-0.025742740733936675,-0.010437579179079948,0.00756614915778675
2021-04-20,-0.014868262978021574,-0.016087684006529046,-0.0011613273156112491,-0.008220008965876269,-0.009970797467427128,0.0003335480934798518,-0.004982565813653972,-0.005456010100579833,-0.005605500932736263
2021-04-22,0.02235158209739363,-0.020042004393119983,0.03595078942657559,-0.00018490824467076727,0.011545093800013229,-0.017852504896386456,0.021699504066398534,-0.008188506186488587,0.035205190232353134
2021-04-23,-0.005869961552159575,-0.017728017248441863,-0.01597028012790258,-0.012804441738614947,-0.0026711758490634008,-0.009812138932788206,-0.0005941756637909412,-0.0029819597977286394,-0.022500775978936516
2021-04-26,-0.0066117360981433615,0.02292268686589094,0.03710847300777709,0.007309947144194862,-0.0002434931512352856,0.014730328770072187,0.023331819486550387,-0.002797869596376512,0.009669896168447378
2021-04-27,0.0241315490010654,0.008133498143078732,0.012941975537450912,0.0036842339926705936,0.00048710490917969196,-0.0054295755822314495,0.02541375887610786,0.010061844774541973,0.009889579361739065
2021-04-28,0.026482249660067625,0.011218971126340405,0.03774533667831892,0.005561644785029962,0.0004868677535070365,-0.008653750485643763,0.02931622516819954,-0.002522303252587399,0.008762059093080143
2021-04-29,-0.002911715884250099,0.00043652562230001024,0.00016087486677540674,0.0002582088161795504,-0.005839475489041734,-0.0024933292846421873,-0.011007307321610482,-0.0028330654267519906,0.0011241303297209182
2021-04-30,-0.0408828871943967,-0.02236678021819405,-0.03371157217093135,-0.0014746307084688715,-0.008320936170875814,-0.011713280482674837,-0.016416166651298525,-0.02555175470401072,0.005920209339508542
2021-05-03,0.001522301692417738,0.023048250489319688,-0.006244796134582176,-0.0016980635216025108,-0.008144340149217055,0.012109655930785834,-0.008203660889402498,0.00044490346747494414,-0.010959011915863348
2021-05-04,-0.018452334960776584,-0.00014542091693015013,-0.008713837352912202,-0.016752503968289423,-0.006717977101559303,0.0024140513017991694,0.002567025960998004,0.0041982295174793904,-0.011080239286537785
2021-05-05,0.010264029797155239,-0.005399440263061606,0.01901794101902521,0.009101938139865151,0.009018176485524165,0.00016025944490793975,0.011095234519711727,0.01506670516871833,0.017947853682828585
2021-05-06,-0.0012120580619089383,-0.001941698921145374,0.008958240139377072,0.014983140968789499,0.006703061414884637,0.010172632678019822,0.0004220283342470932,0.005087880844204529,0.04423162404176617
2021-05-07,0.009886521107592916,0.008870279575874163,-0.0018088186680296214,-0.006646609551890337,0.01282353218247323,0.0026169641403170907,0.007593956573511473,0.006893801942392974,0.0057583268104663965
2021-05-10,0.0036048553134129246,0.008999506291154313,0.010130297767783736,-0.009611312332844735,0.0009739726049409203,0.0015482752119138077,0.00963017000901778,0.004021938134489034,0.020766596304637508
2021-05-11,-0.011479996939272596,-0.012659738987683578,-0.005544255565505196,-0.006644115210763135,-0.007540848584614235,0.004932302939278932,0.008155842669063773,-0.007280327805021414,-0.014354901755873839
2021-05-12,-0.002885630558851493,-0.030452482416552296,-0.024760221723506226,-0.0027429910544852776,-0.003676472687116239,-0.00902188482438182,0.008364229407306079,-0.011208654495415304,-0.020833410325614254
2021-05-14,-0.009038972701943315,0.02056742552605506,0.00428748153644376,-0.007988069099242878,0.04428046817722153,0.030281853393957725,-0.01971707618769558,-0.011691907160221615,-0.018025996843937575
2021-05-17,0.03850456089634613,-0.00025254412233988166,0.04403154551135735,0.009875462008686497,0.0016491338549264878,-0.010810344542221961,0.06283803654017572,0.005980686840195482,0.0027083730941324102
2021-05-18,0.02530800576057257,-0.0008417284593374985,0.015394538817561365,0.007973440085348171,-0.011994488382216728,0.00837248333149554,-0.002218807329549155,0.006205687794726744,0.016506588082434215
2021-05-19,-0.012527903836080378,-0.006107057332270571,-0.012239456835608564,-0.0022387285131372225,-0.010949601210184512,0.0156426383203081,0.0056245489419946,-0.002201434295044713,0.007086008707048119
2021-05-20,-0.017418535910733057,-0.006611029107338906,-0.010952129383404396,0.001720410123039251,-0.0036102030842010135,-0.009398708026290503,0.00039018959256376107,-0.007138367012827218,-0.006645249647801887
2021-05-21,0.04501661483684294,0.007721537652731314,0.038554834113127656,0.011349100142620916,0.009903361280316991,0.012250231118213994,0.04329750608277738,0.0066993164635154034,0.00875554886589458
2021-05-24,0.00844848279523469,-0.010879537041168286,0.007627016338358272,-0.00476193401166447,0.011719714777345791,-0.007818185554480772,0.02704370152822877,0.00032483008177197625,0.004290974496330868
2021-05-25,-0.020530555480160695,0.0032099425843974405,0.0045569540292185184,0.010051560575318197,-0.0028368623793649794,0.008974397761138286,0.0007281735750048757,0.015489714981385294,0.005146696371087556
2021-05-26,-0.0012845560478094153,0.0042445966817690195,0.0033831432266198114,0.026182335752923835,-0.001422420513337852,0.00143874733895899,0.0029101738580838976,0.014290401629547311,0.018742086022383697
2021-05-27,0.003791352084000277,-0.011724609273674247,-0.0003831804109508674,0.0035785654853963678,0.0026115623779070507,0.011709402141133252,0.028170758889030312,0.006806966375722867,0.02588913516608682
2021-05-28,0.014028876753685582,-0.0020202308378771683,-0.01410503187218426,0.0019970446310551004,0.008287797148084364,-0.013371574770405625,-0.007408272822819417,-0.011446318829656854,-0.0040674461047819355
2021-05-31,0.008247709538669268,0.00790380321359585,0.030635244574401588,0.0026616957992577905,0.017379146009442792,0.010631590380692613,0.005449526155076878,0.004946403050746451,0.0006497113824577294
2021-06-01,-0.0027377430713020345,0.0077988245660989275,-0.019087140011209036,-0.004699689200606927,-0.006232851190677846,0.003557308294682038,0.019323614643177,-0.0019464969659579445,0.006956822368698434
2021-06-02,-0.005093575893010516,0.00021209008019562603,-0.0026919711175145133,-0.006163553870054184,-0.029035962856735265,-0.005912748347651209,0.010865856812126484,-0.007469228536760353,0.0003684679770901145
2021-06-03,0.011004006793184917,0.0018865711743358826,0.0029305004772721688,0.007978875840635835,0.00023933365498329806,0.008264729728687747,0.014772051841283496,0.0037704462857561793,-0.007274546896574141
2021-06-04,-0.012890026035003,-0.008970907012441742,-0.011610791449362834,-0.0028783618895684704,-0.0014350083732808105,-0.020933338489304343,-0.013760864055814781,0.000796056879003082,0.00398869417556158
2021-06-07,-0.0007329387805499188,-0.0011742490881687662,0.008557627182216976,0.002886670772708433,0.01293419313949662,0.006068398640728168,-0.0031135528505492616,0.012548582118615537,0.013026543612734809
2021-06-08,-0.011200981634734597,0.008421543380663143,-0.008947843464483851,0.016766801056692593,0.01040425687774249,-0.0028490863170100855,-0.011682949594127856,0.005324970170113019,0.004286204364864821
2021-06-09,-0.001854288936070203,-0.0012717126649639532,-0.009807040030932024,0.0016632744515470144,-0.005382595263832224,0.004264281910498102,-0.013459837388969054,3.109038380477713e-05,-0.011623701995147395
2021-06-10,0.0005065280125313709,0.009677435712229121,0.006760090258876694,0.006358916916601398,0.013419150960492843,-5.990211599282702e-05,0.025625811014746702,0.005171465476540682,0.01846753756292463
2021-06-11,0.003578534224584873,-0.005170734342265115,-0.007339252639624094,0.015867586912607035,-0.0066888269549721935,-0.001122116498528447,-0.006130785077867018,0.017719577304163625,9.022890130627736e-05
2021-06-14,-0.004642338753730657,0.006426812940007798,-0.0008651363167945236,0.01029777172531543,-0.002886099257096708,0.0023436335803406205,0.0017459592653239486,0.0007788525575378458,0.013169728253161539
2021-06-15,0.00730009477814253,0.011566354664312772,0.01598038001987523,0.00827767428547288,-0.0012058855514417433,0.006104404174413602,-0.0019750968891748544,-0.004150872507361347,-0.0065882597063815496
2021-06-16,-0.0037911516330066952,0.006668351155823649,-0.008058240027413288,0.004545668621334542,0.0038637478116878565,0.015855622265589675,-0.008265478678326055,0.0035553318585026528,-0.004749779278306332
2021-06-17,-0.01246132286542978,0.0040699593846929005,-0.011091973100222696,0.009928384873764573,-0.010584547131177291,0.005223992136706768,-0.013381932517699813,0.0132544741889975,0.006213271477440774
2021-06-18,0.009344439662386739,0.026967770393145907,-0.004107360829256224,0.005350075588223868,-0.005348980868242981,-0.02150734213121941,-0.017489570575493385,-0.006163858422931878,-0.015929864656277215
2021-06-21,0.0060142880819344935,0.01266674727513828,0.0013483060135108804,-0.0019954990622970126,-0.0004888944143006668,-0.0012166541067344383,0.016590061963417613,-0.007339157486747849,-0.0139140535323109
2021-06-22,-0.0032913423645341,-0.009585149496715739,-0.000633807259212471,0.007698403133639342,0.003179137388396036,-0.012046029277759218,-0.002620669711610013,0.008585252172150781,0.02656095275341608
2021-06-23,0.0011456420220450347,-0.003915259934901938,-0.009748616068441018,-0.005754555652082827,-0.005606795815115584,-0.0012472761862454274,0.00047773027785313893,-0.012056567657694028,-0.02946730938835007
2021-06-24,0.013968386445533554,0.003890377054808658,0.01496719902028909,0.03728816869622431,-0.0034323285445195806,0.011768725059823959,-0.003939334144635764,0.03440235178013484,0.016476748765339888
2021-06-25,0.005875477758507275,-0.016665528802517038,0.023578511917149658,0.009620490254967695,0.008856292894666717,-0.006416052762131308,0.027804342950864314,0.0021342312855596735,-0.0028229252840747954
2021-06-28,-0.004455149468031716,0.004716860796740496,0.0020030504708432595,-0.0015244471014328465,-0.00707163582547532,-3.146772050033331e-05,-0.004780769011782038,-0.013029408093281125,-0.00018256194376220503
2021-06-29,0.00013329136364248484,0.01314938444253233,-0.015685041136684896,-0.005567014826200589,-0.0014735268299002069,0.005317992055654308,-0.012302260147318056,0.001228568283523801,-0.008768797327085132
2021-06-30,-0.0027629496659787867,-0.00852555116874587,-0.014372666990099203,0.011356009543166179,-0.0029512170429721873,0.0019178280298401962,-0.005456634207637756,0.0014669634179875768,0.0056210404768972655
2021-07-01,-0.0074438209586766835,0.0027110682167648115,-7.941989468362998e-05,-0.012904958652583676,0.0014798831840652227,0.0007485778368379048,0.002862464356979455,-0.0012704476609843862,-0.011545906493709013
2021-07-02,-0.004271012320719136,0.003753046877559507,0.014900615713123733,0.004742410248993689,-0.002955578594191377,-0.002504866591712007,0.009514911106154988,-0.004803074523499262,-0.0013904557680550766
2021-07-05,0.01016605689337391,0.004723997087121123,0.011870299590228672,0.007111889605538879,0.006175956746212741,0.002235535716226922,0.019439089847983704,-0.0013381240184410226,-0.004177666106230604
2021-07-06,0.02624644011241295,-0.010624080623619747,0.0037817708592073895,-0.01060818426072696,-0.0056469008001296395,-0.009707180267802706,-0.006702823780011746,-0.01767556982048557,-0.0069917201612180735
2021-07-07,0.0031275920425963832,0.0037006315507142062,0.005689809735432982,0.0015362448043945154,0.006172906213673279,0.014129793371554067,0.007213522036678466,0.003877747062250636,-0.000844697994418997
2021-07-08,-0.0123742559129989,-0.013740543956496265,-0.018501484096130394,-0.002460850072625975,-0.008589012267755658,-0.005534203900992574,-0.019406280944082033,-0.0050227885856561905,-0.0021611390246079054
2021-07-09,-0.012134483058378942,0.0015931674503635307,-0.0052190338667489344,0.001377699584492742,-0.0032178826713058495,0.0009704533930556813,-0.0016492462888098025,-0.015452059507019,-0.009792873938869961
2021-07-12,-0.009986626914494368,-0.0029779485367656955,0.012058739846417366,-0.009629575663522183,-0.0012416138131317034,0.0003062538254423597,0.008731602577943587,-0.004691297594289656,9.511100534842498e-05
2021-07-13,0.00998657140803294,-0.0030478806159947025,0.028936098160113,-0.001873453855496754,0.003729659621420467,0.002862516516338065,0.0038600773518131515,-0.0017382412733935038,-0.0019017251269428659
2021-07-14,-0.001797724391932931,-0.008966938814274683,-0.0009024334575140625,0.020680326691213446,0.011146655162307173,-0.008602813466880188,0.004544340214161391,0.008470853160635894,0.07021066326835967
2021-07-15,0.014374655739346709,-0.0010352722777005052,0.004666325213563249,0.0024730607587191145,0.010533989439667879,0.004683676662385672,0.0015080542458576485,-0.0014343258780141754,0.025280310156510666
2021-07-16,0.001085094660775665,0.002093450036253053,-0.010712434269313786,-0.01603632359028695,0.008000223178658672,0.0018358649439427221,-0.003937992633381904,-0.0025444775589960056,0.003212391452450891
2021-07-19,-0.033730778548343276,-0.003619794153987166,-0.006663621761192062,-0.008839859795584881,-0.0007215701846328137,0.005565294430850409,-0.004883726371398445,-0.0031927459375958867,-0.006837004232006505
2021-07-20,-0.01893272210602992,0.01089817742150978,-0.02134465690846965,0.0054163200399215405,-0.004572820657039456,0.005838665876854998,-0.016358955161468902,0.006657069642390878,-0.00993379465844102
2021-07-22,0.003845817323543832,-0.023307008469882984,0.021888148476288283,0.025902248192795296,0.0009671503665218406,0.0077675058523460905,0.002732167470475,0.003291039062701673,0.02834027682325635
2021-07-23,-0.004107181056371423,-0.008430718418194316,0.03155713511674696,0.00015726892122835956,0.026086917690198996,0.008288592507804227,0.016230392103575353,-0.001088298726639958,0.02559048083868931
2021-07-26,-0.0056835611658571095,-0.0039862369031667955,0.00014782045960126666,0.008456770311261463,-0.005885275061690898,-0.002347892997115797,-0.013056619971917316,-0.0047621275202319735,-0.014520644732768262
2021-07-27,0.0036248484465739583,-0.0026823419037647067,0.001034403786926763,-0.0008418098792658535,-0.01183987577600909,0.006891769277863613,0.01570990219391133,-0.004566112381008902,0.001693717135140993
2021-07-28,-0.015592951321816595,0.008111202830931807,0.011218479116956503,0.0019031584108866184,0.002157020261451814,-0.01116799501058141,-0.010350075245003532,0.004665639696275425,0.0008455383499113012
2021-07-29,0.0006702701723888538,-0.011285457434558888,0.006514900129214629,0.007100132554491045,-0.014586492159614939,-0.005981377478877947,0.0377202217156678,-0.0006256526557554265,-0.0025342488532378304
2021-07-30,0.005781652761897238,-0.0006211372953884853,-0.0072728187950175105,-0.004019694637253934,-0.005338414049363971,-0.011839409696088654,-0.02208118777682011,-0.008870931833565243,-0.005588774251382156
2021-08-02,-0.0026638831971960153,-0.00021417816528157552,-0.001611622192095652,0.013070564249076932,0.011466087606292197,0.00067773564769813,0.007179275454491707,0.016401246962127525,0.00868596423384127
2021-08-03,0.008470037994889434,0.023169302417127335,0.013208174744310686,0.014495299262727634,0.012542174370632209,0.032145812157111875,0.026672733092725887,0.020345349100958865,0.012072634580801322
2021-08-04,0.021328586452320053,-0.004084651190731758,0.03512452619711848,-0.0035947357328020013,-0.006193453315556985,-0.012401600628834553,0.023404262190210634,-0.0033335202638877792,-0.004337711750969864
2021-08-05,0.01334187943170484,-0.00816133822706111,-0.01707136687683075,0.002607459011354951,0.031879133783675684,0.00838433133679306,-0.03304509095681529,0.0030544075719523,0.006869931568565413
2021-08-06,0.005253212608367086,0.005853092476647559,-0.006833187371757421,-0.002026150970232843,-0.00464556632201929,-0.01033017285808946,-0.014032034867188403,0.00787191372461149,-0.004826008842204188
2021-08-09,0.007536714909769149,0.00548182352378257,0.007453543648533234,0.007938582293053331,-0.0021004642682015406,0.010080205968042266,-0.005164686148165565,0.003897341674035548,-0.002006733300007446
2021-08-10,0.0024936734501979085,-0.001132458015321136,-0.00277442213937118,0.00838692537989516,-0.01847525641131975,0.003900681375828441,-0.01603596741131985,0.003370791272792717,0.011812890613757565
2021-08-11,-0.008423779520146724,0.00363195804369143,-0.010486420870034263,0.0001787970280759943,-0.0057183824735757005,-0.005773509110404418,0.0037518617911955765,0.003089479004653395,-0.004305527354074856
2021-08-12,0.004314624495479036,0.0007739323614650573,0.011246317969903608,0.007183231738731477,0.0011981738066295655,-0.001868836911253613,-0.002102538626098993,0.0022575679074232635,0.007650731698527036
2021-08-13,0.01651778289185013,0.005099662450074538,0.004919160547957491,0.013375820536547955,0.01220689151325205,0.007483324773037703,0.009481550541085015,0.03331110771766399,0.01592796394489837
2021-08-16,0.00288301810771463,0.009107627858938372,-0.003050464479618098,-0.004555514265857652,-0.0026010410409373907,0.0014067546716569623,-0.014726379910794618,0.0027573825074775904,-0.002355820187454505
2021-08-17,-0.01042067693025861,0.023656646814383064,-0.0020636556964419572,0.02185517279736482,-0.00806069358603545,0.023902431697260695,-0.007885186440209968,0.023063939724505378,0.03395468691904102
2021-08-18,-0.001089344091672273,0.0009059331137601934,-0.01839702348279537,-0.004708169946558649,-0.001195023572678644,0.00952615593517403,-0.004270422901396453,0.002110818597277353,-0.008662532890821195
2021-08-20,0.0011566017772670634,0.05363937756375381,-0.011041580164354858,-0.00028846569331719696,-0.00023943512811264167,0.03491351358325323,-0.03097454585886883,-0.0002947806095700001,-0.014855470555660277
2021-08-23,0.006502763589810057,0.00563087052137301,0.0029380037214961074,0.003346850933722889,-0.012446113065190278,0.022982666138346097,0.006884662305786993,0.021885120818600612,0.014192291993468054
2021-08-24,0.022464828635232914,-0.00043646825338850004,0.017211129865823294,-0.010294725980636188,-0.0026658812194598758,-0.012047319546764745,0.01978027623883616,-0.006653387387525411,0.007474100496848157
2021-08-25,-0.0009301214467450913,0.004557489009451077,-0.004895913699271226,0.00854227102406413,0.0031592334916159537,0.0065724697286730915,-0.0032328461437228784,0.012675948303397577,-0.002999014301234726
2021-08-26,-0.0016694987392243954,0.00809066729220942,0.011214799248273621,-0.004523076011026639,-0.008721038371709677,0.0071747894972191695,-0.01321321344963744,0.003511754107422105,-0.004274378516094468
2021-08-27,-0.004084080019378877,0.0043317610381516936,0.001359458932103541,-0.010939341044630901,0.006353797244438075,-0.004755031933312059,0.004138927282469451,0.01315421761181268,0.009539709013823838
2021-08-30,0.012787035800865931,0.003640737281287665,0.01986424406394871,-0.00629087644689752,0.010199284559388788,-0.010778040480869944,0.024851417879561355,-0.005067071706236548,-0.003937430602837688
2021-08-31,0.008385067501941235,0.013543368552773272,0.007566723626567962,0.004946608331998892,0.015865279267225585,-0.013904076055087922,0.007925215930812746,0.02300545721345726,0.013439703347782883
2021-09-01,-0.0014543633944774648,0.003230247306224454,0.0011821257752422376,-0.016818471449719152,-0.008518621885646116,0.01844586092128786,0.00903652082948736,-0.018883202503747643,0.0017162148860589976
2021-09-02,0.00626938027490076,0.024937148617443228,0.0072927492829222285,0.006765034611776466,0.0011931321691485142,0.020868222892395316,-0.00034890239438367665,0.0327866552467333,0.014640569386229707
2021-09-03,-0.008149751862074228,-0.012263401344566494,-0.001172268347930272,0.006838073598509187,0.004052444607056671,0.0012869566232491803,0.003839418379474102,0.0013813841398642168,0.005602820373578732
2021-09-06,-0.00656721745486899,0.005024034119532672,-0.004349085734663416,0.017493167147519362,-0.006172778129070466,-0.002143923845716267,-0.0008113761915592432,0.002589779154233751,0.0478554872228758
2021-09-07,0.0022674714799852946,-0.001042989796653515,-0.005893242982431324,-0.01372512364447731,0.011705672505622378,0.0071822982351077425,-0.0045237826069404186,-0.009371887787343769,-0.017772654494934814
2021-09-08,0.004556247885136644,0.008352155629319125,0.005649249412979174,-0.007851557912524343,-0.0023611761103465856,-0.02596410653661796,0.005243522350534935,-0.010940975334042147,-0.017871726032513635
2021-09-09,-0.0049478861407415975,0.00348101575533466,-0.0009709446239516417,-0.0009744965155349394,0.006627261968846554,0.031129560924081368,0.0022023884773503255,0.00457055810027529,0.00022646034499795853
2021-09-13,-0.008319632665859888,-0.008645577192526233,-0.017841073160342225,0.00017728029003261092,0.007053813807420095,-0.00024192339013129338,0.001272332818128552,0.014229429327381027,0.012682299199090474
2021-09-14,-0.0044998584823050525,-0.008541526842264835,7.071339407738186e-05,-0.003398459183542757,0.00910576307785127,-0.010844733555855468,0.00034644879761591696,0.010545222188117709,0.004025212015773549
2021-09-15,-0.00113021541711944,0.00466949718538312,0.009753311309669721,0.015004602137054679,-0.0004629387944804497,-0.005499080968640047,0.025057752372931397,0.017666562605585412,0.000891003571371396
2021-09-16,0.008501430068030613,-0.0025941265957710735,0.017988427925923922,-0.005375597242937347,0.06828710607850375,-0.004540367567059667,0.04472236410586494,-0.01295988068081333,-0.009198187314849893
2021-09-17,0.01423121293325158,-0.016617083824282064,-0.009694698839965654,-0.006432745333237455,0.0017335359661703187,0.007381934633546194,-0.020703012364943985,-0.019329626960348567,-0.0038930277945526948
2021-09-20,-0.014094709341836764,0.028689685675064025,-0.01409420543109774,-0.0020397340550825094,0.011248157673671155,0.007281187113931997,-0.03666591396431729,-0.0011364795602260003,-0.004133962674673586
2021-09-21,-0.005064632806306313,0.004320897947105218,0.0026054846870613435,0.018129347926889583,0.03315501910186791,-0.006546948166502586,0.003085925645470722,0.010317632215488759,0.00769826003627716
2021-09-22,-0.011759365409842237,-0.00993803465482146,-0.011940647852273556,-0.0009018499539454883,0.00828161668106353,-0.013093303013642643,0.00011404150393778956,-0.00020702661170035608,0.0008239019843609974
2021-09-23,0.02366831477475606,-0.0007901155942806604,0.01940714789437048,0.014939860618831124,-0.004106836155683968,-0.004326202374522969,0.02495148188137919,0.0018383485680537603,0.009204365043464557
2021-09-24,0.02009551959591871,-0.012813177048351054,0.008298539254197657,0.012223361836639857,-0.016701085239138935,0.001272747620872039,-0.02011996044741171,0.000529766604063564,0.003262764366651183
2021-09-27,0.01470438473823954,-0.013525611344754496,0.009751602761464362,-0.02420852091964054,0.0010485917114260168,-0.011178482060410722,0.01327274361685582,-0.008872899116264654,-0.03340734814983792
2021-09-28,-0.00618407029417134,0.005296345847249473,-0.017602698352937263,-0.019783111257344443,-0.003979984610842036,-0.0049612326676057306,-0.003806462297832547,-0.015064130506732942,-0.021868844519165154
2021-09-29,-0.01312666183848743,-0.01415284859728505,-0.010667230999861221,0.003052540284343319,0.0014722236218336349,-0.0019442040826248563,0.033940181068021325,0.003373909122054597,0.00179812923910605
2021-09-30,0.0006901424042671245,0.006144632523471971,-0.012191797368237611,-0.010075397061520164,-0.008189832725879365,-0.0031372199988690674,-0.015217384335077022,-0.004312003421617749,-0.01037844806414756
2021-10-01,-0.007680544447078885,0.000832640929233186,-0.012128059262728086,-0.005999324063653333,-0.0033877905810506537,0.005368667734760635,-0.0029800685399848925,-0.0120113096772827,0.0033905382479468837
2021-10-04,0.0019272346882135416,-0.00660109725537994,0.011338243339773735,0.008167441783826668,0.00531121635752041,-0.0029156288425765675,0.025462165155103245,0.011554148143745335,0.007544268416014077
2021-10-05,0.006116931056627584,0.008357298963207027,-0.004427335064739912,0.008369476197192638,-0.00803038173715065,-0.004996583611400762,0.003346659924005735,0.015901384302930976,0.009047599369270243
2021-10-06,0.01219101214870566,-0.008343305110697696,-0.010902284176790178,-0.011371688845840167,-0.014699586770548723,-0.012291573216895557,-0.016139481861850324,-0.005843595547909364,-0.017159929138350405
2021-10-07,-0.0027246650805035078,-0.0061988488987527735,0.018419001274492697,0.010426927770490924,0.007351352797713817,-0.005820378416430794,0.0015310363869147636,0.02151729220345322,0.011325144934983378
2021-10-08,-0.004874196209404658,-0.010995012437309826,0.0017090619711264132,0.01942629885831071,-0.0053659355896609195,-0.003108261070196572,0.00021842602435873104,0.01098150047164781,0.028306981599681036
2021-10-11,0.019436466887721604,0.0019129934898718393,0.014074430297676077,-0.01908523577295551,0.02740610939287924,0.005172013583180757,0.024563339946218177,-0.06353458027642245,-0.01262937732615399
2021-10-12,-0.002570776668145869,0.011738545548757306,-0.006589167185793943,-0.0034299806660983423,0.013652536000801296,0.017346401993727056,0.02930204035369144,-0.008886133715133582,0.009650619306177166
2021-10-13,0.006013834394067885,-0.010985796499054845,0.0019052292308836538,0.014271631788985495,0.03273933216812841,-0.004895429532488671,-0.0026914335364234265,0.0006435908094175602,0.020482404112297292
2021-10-14,0.029279039167662724,0.0010576936482613597,0.024438334417699048,0.003832395540975586,0.02949442487078957,0.0002459856026972851,0.018476086652743584,-0.010073545482865098,0.053003381901014945
2021-10-18,-0.010133960250035656,0.0016796187850300903,0.02495528744121489,0.04452859069581061,0.02338730195613592,0.005849642013178391,0.014981705718403404,0.009885299130043324,0.0021179197971961106
2021-10-19,0.011015881593581689,-0.04039182990843826,0.002683145938812803,0.016739660246487542,-0.0632260113484574,-0.003601163481274483,-0.019580239541016953,-0.0035644898565388994,0.002536113815821306
2021-10-20,-0.008793614724141197,-0.026759043485127476,-0.0021407390726971842,-0.010866268926942979,0.0026427101040440437,-0.004687917072260683,0.023965565282976664,-0.006961729460251087,-0.013491692856181237
2021-10-21,0.0014636553942508623,-0.013273542505525593,0.012938298725835073,-0.027020355672048302,-0.007704813741429284,-0.0023083362493122594,0.00610122527314072,-0.021156380178610434,-0.008049102101513439
2021-10-22,0.0026546438354129176,0.0034142422862974975,0.005029644763380414,-0.019302650702730628,-0.033101788034826884,-0.011773960574618214,0.0,-0.009525750029608537,-0.019962605337928152
2021-10-25,-0.014130591463131559,0.0007131539199891623,0.10852112161341765,-0.007122666659008958,-0.013524832469484882,-0.01633377055267593,0.0070583369164631815,-0.0016862932817701681,-0.021541587133907636
2021-10-26,-0.0025649079699868738,-0.0016388704436960388,-0.014613324243083481,0.006587518430108297,0.014138886464082123,0.03396867279019755,0.01194464699454123,-0.002963089859011503,0.0006739826567205842
2021-10-27,-0.006020206801068073,-0.016517197203262057,0.006751893261216058,0.014820793232095841,0.007393133428675869,-0.011083493347047613,0.012876907976900442,0.0020530526443574004,0.004415212059209139
2021-10-28,-0.029948947382481217,-0.002900045231567505,-0.04347300566490098,-0.01448865247328901,-0.05598636371907484,-0.0006946297282983682,-0.03428680291195618,-0.019514398908480834,-0.02115931483148381
2021-10-29,-0.006745646094185376,0.0014645996079565293,0.004194246225257103,-0.021215930103292036,-0.00844080695244187,0.00046078683839523293,0.0015956403739960656,-0.006984799728880553,-0.015451439940689538
2021-11-01,0.014183246648433956,0.005829251277488456,0.0023066145124823745,0.019367378294877557,0.01635304455012898,-0.003186934435541078,0.02698399677190544,0.023147707109315574,0.013451943271275635
2021-11-02,0.0009032079830828543,0.004902074416674118,-0.003669551139609206,-0.00126481961782976,-0.005510308762240013,-0.008746070156076202,0.011634647365739381,0.002243644886547491,-0.0025173219588868756
2021-11-03,-0.01574615372881394,-0.0031212088197000165,-0.018727759548237355,0.002709275277472667,-0.013962690620308083,-0.001960372194646509,0.011405044896414696,0.0023102726595720657,-0.0019885458546246015
2021-11-04,0.007904175213341968,0.004769151512768133,-0.0048985877531944055,0.0036416368628153784,0.018431046297050058,0.00811762935272431,0.005306532840588352,0.004696355369089522,0.001839222622175063
2021-11-08,0.00395245175183101,0.0037352353270698746,-0.002493210045343641,0.01685497161021665,0.01434564189413412,0.00847046518725647,-0.013573378075039888,-0.0016817400667471505,0.007113170927417478
2021-11-09,-0.017497295016021375,-0.00030840568694490145,0.008203475683755457,0.002877774076852191,-0.004569302594388591,-0.005695734826658749,0.01127568699914927,0.0008422079615604261,0.00015192336078562185
2021-11-10,-0.010812419775260151,-0.0127511162277687,-0.00718324301414941,-0.0013487218045699079,0.009180471447669092,0.0006415021421710687,-0.008976724837490124,-0.0061042063106790945,-0.00888446097221196
2021-11-11,-0.004468795003754966,-0.009978466560190968,-0.012101504767503601,-0.0039364473373284525,-0.0036821269746241114,-0.0052183100351334,-0.028222670487790702,0.001119278921795308,-0.016549049436893948
2021-11-12,0.0030356397382622635,0.012098971116152546,0.006675747318624747,0.02705814690660646,0.012608708526019363,0.015299244808161916,0.003434016025150921,0.01085084033944983,0.02843562137153821
2021-11-15,0.0027365899737306076,0.008233018541447867,-0.00424919148285241,0.0039041831330153265,0.022327279766945596,0.01745589261416991,-0.009386936667481471,0.007728210897008481,-0.0017422181689124017
2021-11-16,-0.005939809023298492,-0.007464725598165023,-0.011961851936504342,0.0028817494351052186,-0.011129951457299114,-0.0007444547851866989,-0.02260384861846254,0.0008724426558539555,0.003870109112011466
2021-11-17,-0.011111198612322903,-0.006440299384772086,-0.003599142313120973,-0.002706025567150494,0.01720108150248567,0.0007682294613242657,0.006160376842701876,-0.009701111230296933,0.0005289399358541225
2021-11-18,0.005618022267382727,0.0034501670414608387,0.0021017111146870437,-0.004503565560469824,-0.008350617716495368,-0.0036736201901835797,0.011341951061883737,-0.013117587029212951,-0.01563920131965435
2021-11-22,-0.015623059298420672,-0.004521918261990221,-0.014287707868404609,-0.011239810361203695,-0.027789531443502713,-0.021135827730452306,-0.03453749743061352,-0.004977510726731582,-0.011359173236670683
2021-11-23,0.00013210389768314457,0.002365496132872291,-0.00019947478890525172,-0.012788517616769246,0.0030317989201933404,0.009802605139040743,0.01367181130984263,0.0016915317482937287,-0.0019408989002154264
2021-11-24,0.001649556532449692,-0.008123911228815062,0.011106033048285724,-0.02354771391162669,-0.016839533340620827,-0.004934485165763891,0.00020285423620403087,-0.006047497905840804,-0.009800857518507677
2021-11-25,0.005204004182949973,-0.010822089625342146,-0.012036295864483404,0.015566138751400782,0.01581031008191247,0.0047755625391556755,-0.005272210127124977,0.0007549910544151217,0.00031427724795674017
2021-11-26,-0.023624621704324444,-0.005938685845503833,-0.038412863362546235,-0.017853020635469563,-0.03156074129571618,0.002304608971653188,-0.04087246977085979,0.0002758091419907682,-0.02395154595436544
2021-11-29,0.007617892677011184,-0.002441069744769764,-0.005261731339881837,0.0027782055952523255,-0.011160751507389155,-0.011541244959924146,-0.011477184238130378,0.0160001054062211,0.014723516295113148
2021-11-30,-0.005129067353402905,-0.005086957245402424,-0.005637629202055683,0.009608923984241624,-0.0015802310489594351,0.008007577108446462,-0.00978284152081399,0.007752518617543336,0.010545601821005501
2021-12-01,0.007431993960307359,0.011779729058997379,0.01868832974060375,0.0013138717079070883,0.0033916054119305095,0.0128052055857506,0.03202690734972591,0.013785382873964913,-0.003844742762378228
2021-12-02,0.01402319252119133,0.01639761656184513,-0.007283062362140158,0.01944711068609828,0.015998179302642912,0.0054335361380530856,0.003576685868729612,0.018195451667903484,0.018903698504912914
2021-12-03,-0.007996008051517234,-0.01663649606730666,-0.008444154495791278,-0.00726441745277151,-0.016855239920992138,-0.009323953176014088,-0.008071230683881159,-0.0006723705713094219,-0.00935385848577619
2021-12-06,-0.00644187328701884,-0.015851595426293774,-0.00942339050385832,-0.023191517767739978,-0.01691849359530584,-0.01577793000577732,-0.016590959273984796,-0.028581782352547158,-0.0253610166181778
2021-12-07,0.014563166445940245,0.006546621794367269,0.03537450594085856,0.009644392165229831,0.01262050026782413,0.017235048223092964,0.02450032936570845,0.013601457434659459,0.012650375673399328
2021-12-08,0.018417779521233024,0.008184215601103162,0.02552227088762371,0.024362374561906153,0.01948775788785917,0.006970903041153775,0.031151618503336698,0.011828610502043091,0.01470581475907018
2021-12-09,-0.01734455969567883,-0.00036307833571780357,0.002123749387717311,0.005760366429879538,0.046454688784153264,-0.009977350061384449,-0.0058997244844066765,-0.0069340592374819154,0.0023374638995403707
2021-12-10,-0.0028163199648763015,-0.002970508652162085,0.003973476597841197,-0.0023815545764248602,0.002973761703972677,-0.0007518608357094392,0.012381110589274824,0.009731113036698824,-0.00769579664559894
2021-12-13,-0.007487486721445169,-0.012195595790918667,-0.0052769454181055275,-0.008298953394135777,-0.006353213146018222,-0.014958369771610913,-0.013947872087005764,-0.007465168274692235,0.011202430812594866
2021-12-14,-0.0057572262326326396,0.006053657574432991,0.0061670649474112604,0.004298852852032242,-0.02557549898558431,0.013528623487678804,0.0015375123177001626,0.0039200241565418015,0.0023242683421897947
2021-12-15,-0.001630544468272599,0.0011431044506606813,-0.008436044137743903,-0.010244679954447444,-0.019903727446177855,-0.0018554762926624724,-0.007675760012932686,-0.014749729015228641,-0.016231435669473937
2021-12-16,6.664232525088742e-05,-0.0049333493308634235,-0.014755642218690412,0.021566155813907528,-0.005132828352612195,0.0028145473367200413,-0.007528759174612709,0.003150942098769649,0.012413722371721114
2021-12-17,-0.018032006201514794,-0.034314795848862434,-0.0173380479584343,0.027799746951956195,-0.022207292722215777,-0.009217363669455136,-0.027746116154683698,0.0007679509986859845,0.041129816476698666
2021-12-20,-0.032178316148125385,0.017419798310301937,-0.025195672018499593,-0.012054703390998123,-0.025464501345175194,-0.010398467642134368,-0.0397605849192878,-0.00765848941013203,-0.007230049999950805
2021-12-21,0.01132821638130932,0.0016524322895867805,0.014648908769962388,0.007059727773317093,0.00047082555766531087,0.01796754958371083,-0.007123766051399527,0.014450960313659333,0.03731505557806303
2021-12-22,0.002358103492040131,0.0021118960268968756,0.017283234358614008,0.0072311416252004435,-0.0023530199264079066,-0.0015556392420659204,0.022085196085195546,0.006221568449762849,-0.007455085966448061
2021-12-23,-0.0007610400756724589,0.010098094028889504,-0.0020469262061593163,0.01803037860240364,0.025000126804821887,0.0009354897248463612,0.013052493580401947,0.008799936442081657,0.012980308509713767
2021-12-24,-0.0036008768001274394,-0.0016082512260581217,-0.005743131971664428,0.0031763147107051193,0.0032212870076870903,0.0008145901286455981,-0.010502351703318147,0.002238788192767016,0.00561515184546213
2021-12-27,0.008270129870129761,0.001937480996422769,0.012240413892592006,0.0014219737597060966,-0.00206433258193528,0.0040653192278310435,0.0024071794404714186,0.00686489178856009,0.0016464329854861681
2021-12-28,0.00689270934654318,0.00334567472055447,-0.00027169125067827427,0.011708523035879992,0.011491650406028953,0.002727589940628272,0.006877094024798858,0.002827111315385711,0.008362071244839342
2021-12-29,-0.004757643480152951,-0.0009743074623012049,-0.0001359680579391398,-0.001297574926381162,-0.014996409177656655,0.00230682219166245,-0.014744205608412941,-0.0031968931524362088,-0.0024807758832361415
2021-12-30,0.005261956108528532,0.008127866409232576,0.0,0.00387145971981373,-0.003460453661567109,0.00035567341875863967,-0.005941918486023101,0.010569107326344529,0.014779070604710398
2021-12-31,0.012247609432865625,0.014856291518815512,0.006048664539403781,-0.0026943190994789257,0.009490754185125905,0.015415016382788194,0.01937141954200028,0.0012322585472455128,0.001750412833215309
2022-01-03,0.02720706367238579,0.00048749425179672734,0.03316893161096912,0.005668205579907548,0.0048155279059236555,-0.001408306722842645,0.02247783496511291,0.021239060286255773,0.004683068210352248
2022-01-04,0.005856584608673332,0.016918414121391834,0.010657748100421749,0.0003685926144096907,0.00524879151224944,0.0107278010246048,0.026975429290132746,0.017549593126314322,0.0038958253918690566
2022-01-05,0.023747973954798995,0.006059417904444198,0.01966750117034044,-0.02869695673725703,0.0013620484413701117,0.002348026395303293,0.018407440325322044,-0.006126494913575864,-0.011087982343759073
2022-01-06,-0.016039925104757158,-0.010100231311367724,-0.0038069129655811107,-0.014555749862869671,-0.008388102127420805,-0.014456463446456347,-0.0014215878497365608,-0.013856735717350133,-0.010861945709807808
2022-01-07,0.007014232481420191,0.01034963965555824,0.010445278465151198,-0.0019252534576690294,-0.0013717880229957569,0.012994132306775041,-0.0009152169954702583,0.012094759099172236,0.00814729570776307
2022-01-10,0.005546380278860008,-0.0037664105526283853,0.022061060854936976,0.020090279292896307,0.02243587196540453,-0.009790192297269407,0.02524168865857801,0.006837944068340374,-0.025298483986952003
2022-01-11,0.0043293064632441425,-0.0014124381405313802,-0.00012324325012313952,0.002620638224008376,-0.0060455855397975045,0.0027373242080988014,0.004566671754916651,0.0092915500774291,0.0009372596182470883
2022-01-12,-0.00590707915287747,0.003952203007414834,0.01615981807426703,0.011775091962219486,0.003604450966139483,-0.002775457987711838,0.008498842471296175,-0.014300579260055235,-0.004033894382126868
2022-01-13,-0.01840490595250921,0.0004353182252216925,0.001153326681787803,0.010306605227273558,0.005387131303671522,0.0003704648261493304,0.0021558574396798313,0.009844790874850018,-0.06017203120702974
2022-01-14,0.011223796696325339,-0.02091808488635971,-0.005699029503250741,0.017160417340845058,-0.0060282067714850784,-0.015940147180465658,-0.005866811384423687,0.018022457724061747,-0.015313399908676528
2022-01-17,-0.015306057620079194,0.010936409717154927,-0.0008538150076691231,0.005260898829681837,0.008984773251364597,-0.0034510947187511576,0.011114440398443559,0.01285251130457632,0.010706305577009578
2022-01-18,0.0050936115801101245,-0.00839066449774084,0.004638056918954581,-0.009667467661644835,-0.01714152956156012,0.0024000838325748397,-0.014007906241107926,-0.007103703177655629,-0.020644948004014507
2022-01-19,-0.007062225234486519,-0.02515292928823898,-0.017616284909782287,-0.027957822349635064,-0.0018119796957091205,-0.022838425252287076,0.017758579561939936,-0.01730839569547582,-0.01918516359588185
2022-01-20,-0.0062234192466943394,-0.020823426448318028,0.0020405547713053807,-0.023218508909057745,-0.007261418159692501,-0.010714493006760861,-0.008530450496607389,-0.022505245983401978,-0.009579099064605523
2022-01-21,0.00834982864351197,0.0281188939889343,-0.007096529198253654,-0.020836746138518936,-0.007771259087648086,0.012818928948912456,-0.017012114911204135,0.0018164099719952809,-0.014897260991091121
2022-01-24,-0.022969166083636527,-0.01754528660808774,-0.007520086608872711,-0.02738407804967502,-0.024188046779630712,-0.013518269470971234,-0.017008160626304725,-0.016212331529486423,-0.05338418039311266
2022-01-25,0.0009416297453836986,0.01866862547646808,0.004007689127015546,-0.008435272889952605,0.011803717437947947,0.003899916023108574,0.04148544985483982,-0.000384525129314639,-0.017546902173049328
2022-01-27,-0.008803358910230652,-0.013707049387927439,-0.008731943258263097,-0.025288007239650967,0.0013998654713611725,-0.021569071171949616,0.027785832842069924,-0.032003587560819446,-0.03189965481067336
2022-01-28,-0.007932534178314965,-0.005140961289571533,-0.01698862652893518,0.004527546584963016,0.013979437504862302,-5.7075160487474186e-05,-0.01039801952398045,0.011180254230843678,0.013584103874901832
2022-01-31,0.015342527501824188,-0.004291531369684409,0.00979317920964573,0.029652531659656534,0.011948670212696744,0.0074601909280034295,0.028369427933528035,0.012520288348832675,0.03703703703703698
2022-02-01,0.007605830074014719,0.014029567974103596,0.027256657498580195,0.020648534131159746,0.034286915163721066,0.00810673558359154,-0.011146118455429121,0.017236456017092117,0.007072962611263334
2022-02-02,0.02284575336228145,0.009650169702280165,0.004257592210428651,0.008492927918809512,0.019319496682701054,-0.009160967227925254,0.01408977041788484,0.014616063999852047,0.019682703658457257
2022-02-03,-0.010351392728573439,-0.012779660215862076,-0.0058985839455057976,-0.02716676927394146,0.00990739371323901,-0.010488740126396778,0.0005557967077165493,-0.008194609470320802,-0.016581560544619345
2022-02-04,0.0057082432916837345,0.0036771029836195623,-0.00482099299341654,0.0014665270480773707,-0.0006398568883466682,0.0013682422337557565,-0.01814482793980099,-0.002536238599534224,-0.011240953190126413
2022-02-07,-0.03664686672063977,-0.02124367896376178,-0.023166284197607134,-0.01499056002401744,-0.0174990360171684,-0.01412306114839934,0.005562923156403832,-0.009410478805104039,-0.025797910751751973
2022-02-08,-0.004291295933438355,0.002989947871145926,0.007756860283860689,0.0013413290297474845,0.004561363367417082,0.0007967020392294355,-0.0035631191510264726,-0.009407175962649617,0.0058348434742492294
2022-02-09,0.02445538607066089,0.0058736808079649094,0.01299677873296834,0.01164602045999552,-0.004756834472276039,0.0026483600007933816,0.0073398914518316705,0.004567808364313697,0.01552881167413278
2022-02-10,0.018362694382208167,0.0024147691166729324,0.0033633417847955815,0.018592117962638488,0.009124626368111954,0.0002647488926090791,0.009901910909373868,0.00260603150019012,0.008260888314728154
2022-02-11,-0.004097900296233803,-0.011015433815605657,-0.018249599211851653,-0.027266143974387536,0.0008610885683324465,-0.01789710179859849,-0.020257249327467308,-0.019998063018081602,-0.021267427131683725
2022-02-14,-0.02972652288359645,-0.013042549113604585,-0.046914527388787985,-0.022743675237873795,-0.03325052050185684,-0.0081362985685145,-0.053247654991006255,0.010500776400402145,-0.03517662880356853
2022-02-15,0.029924725164302446,0.027618950779859208,0.029653702584559793,0.03331946207990555,0.016176719100655657,0.029249553779713056,0.0466692178507504,0.02251071662055648,0.039966439200241455
2022-02-16,-0.001350695439906402,-0.0015720768584635003,-0.015462954186881372,-0.002847744287379439,-0.0011210470596059174,0.002018083505039847,-0.015434371450009587,-0.0012309398280282435,0.0009765373467873761
2022-02-17,-0.006102689594188249,0.009206255221583026,-0.0179307352868876,-0.00490393707483594,-0.00044892208662761224,-0.005366701234204019,-0.007257581677127312,-0.007579134412309618,0.0017733862237996334
2022-02-18,0.0038832462231428444,0.0021668719596301678,-0.0019323846502042885,-0.010349026677939466,-0.0033685105533728388,-0.006438279677246528,0.004581304108664863,0.0025633882234583627,-0.0043372333173028466
2022-02-21,0.0064469001720672825,-0.007675553491834797,0.007410865864378113,0.013913735920704884,-0.017575524410616605,0.005374906573907934,-0.006695013984460596,-0.019636963600763946,0.014845987087580781
2022-02-22,-0.007489616185623937,-0.010828801307780522,-0.0041752002844294145,0.002108885296863594,-0.014449587724454704,0.00027081270745443753,-0.02627734936341808,-0.03575836878385319,-0.011650425531078978
2022-02-23,-0.006486984112584304,-0.004207260432490534,-0.008917895513339325,0.004901046837260559,0.005119803785871513,-0.010178983335183633,0.0006019644226205045,-0.006301519265780597,0.005229066111262837
2022-02-24,-0.05430084534555513,-0.0393736386061877,-0.049959780387989317,-0.037123014188735426,-0.03449877026839121,-0.010146934360393822,-0.05223576895186821,-0.045499328444390974,-0.052812475358392175
2022-02-25,0.025855958739966267,-0.00032236165623922286,0.03201875799528331,0.009802428870949731,0.02613929559548156,-0.0016709142151087875,0.021792043382461435,0.035012547175084396,0.03369632730372096
2022-02-28,-0.020499841325949286,0.0006449915551904883,0.017327586660126792,0.012392375665798872,0.008880433984250535,-0.004287325693853927,0.0005176056139717389,0.009500896991309737,0.000990545334464965
2022-03-02,-0.03645924898776787,-0.010588796393221744,-0.03749844432830274,-0.007460924486941023,-0.0025480850229955276,0.011647442430421595,-0.01852243077978366,-0.0022651281431251835,-0.0010795148033674318
2022-03-03,-0.002364949850214515,-0.02703456152877315,-0.02315163841246959,0.010600043026888883,0.019043300780616557,-0.022869654821527363,-0.014443867299068103,-0.0004933214870059821,0.025846544664620996
2022-03-04,-0.003282387639600204,-0.03419415807151138,-0.014678577343439025,0.0014237693142864494,0.027803047389184155,-0.00256056373108704,-0.011660160014493881,-0.005656888700362073,0.010095642256203519
2022-03-07,-0.030515858788335626,-0.03741031243546489,-0.04985093790237627,0.009603683628027104,-0.0024390427220942756,-0.0028634580952348054,-0.04686662345431725,-0.011193454457572138,-0.005996958013268716
2022-03-08,0.0022644409447110103,0.0025979071605979343,0.017208509249062365,0.022042042328380695,0.008668695559097328,-0.004541055888797496,0.0,0.033013754673306694,0.027279972503771566
2022-03-09,0.032647910733377916,0.025089764715536145,0.0036841761149157826,0.01976723521154722,0.010357040293987207,-0.006817995099769325,0.025891446581530975,0.009069621895559488,-0.003319372098075535
2022-03-10,0.015716941200120793,0.052079641451663994,0.01370878564055178,0.006920909525978569,0.011995565739835623,0.02936622639378328,0.03763571841176505,-0.0032070870110593175,0.004696842712374583
2022-03-11,0.0029438604431399895,-0.0035919756900728572,0.0019214981250001983,-0.002135812153388539,0.018749988088893055,-0.018224769895661908,0.003520354204309406,-0.006020579831091721,-0.003484945231689629
2022-03-14,0.032753467463527475,-0.016758877569029385,0.026921316944085394,0.03770564967534895,0.011212205204728098,0.0022940646363651673,0.031465929908323975,0.012183562953955951,0.020385463170914386
2022-03-15,-0.012859236997967094,-0.010246267242672857,0.0017237338473954367,-0.027185635323036528,-0.004811744281968289,0.0054355839783317705,0.0014428317437302773,-0.013477982008138878,-0.01747032429907658
2022-03-16,0.016959431688406967,0.01665686314391479,0.015271982534446948,0.02723849813802426,0.019970514685573315,0.020719714199948003,0.014201939202247882,0.017251366781545263,0.01795121022755275
2022-03-17,0.02202794631203142,0.014429523880200135,0.017090497143600114,-0.018418518715503374,0.00948068407819469,0.02585364078779029,0.018569269106624597,0.004608956433539868,0.004931011372735439
2022-03-21,0.0043579739548109675,-0.024190812676811113,-0.01298424863503167,-0.0008355611787542738,-0.0016333524353748796,-0.022300677055780316,-0.02251454636047001,-0.012538267296608563,-0.0019959891522806084
2022-03-22,0.005146294081248115,-0.028129727615889166,0.01048185309098737,0.018536850399733185,0.02147251259342653,-0.02501617113971788,0.0063188164743721575,0.020473187092566736,0.01674997905922848
2022-03-23,-0.009972191778904294,-0.007499275598953137,0.00013921245002612714,-0.007947434969146183,0.009008995053694235,-0.0048797219548009085,-0.006177846165324574,0.003093588513677359,0.001885082613453548
2022-03-24,-0.024742256951727715,-0.006393701298249899,-0.019629551959486347,0.007637164079816072,0.011309521068078698,0.003684122861309369,-0.007235214467276374,0.010088100001598654,-0.0010634626603206465
2022-03-25,-0.00814473987106612,-0.0065619695596357275,-0.0070293988113167005,-0.005379608687721027,-0.005885878453064208,-0.014182929987050175,0.007390677639689924,-0.011307122797872715,-0.011792534613915051
2022-03-28,0.0013277992521063542,0.011315959490737493,0.015874234232937212,-0.0014121575402024078,0.014604358460277966,-0.017548462559634825,0.013857743286207258,6.729189832221927e-05,-0.005220773033836612
2022-03-29,0.013260743634817995,0.006050470346395054,0.006968275073783392,0.006457014578098885,-0.009531329306205594,0.0036685423421687346,-0.005025203085051055,-0.0006338203516135232,0.0038319274910660894
2022-03-30,0.017323230376893317,0.014518964382077781,0.0218091489014145,0.009517468856829359,-0.021209768678789542,0.022225694129064166,-0.0014141871552004748,0.007071063674572775,-0.002821787126008113
2022-03-31,-0.0044685146999806635,0.01624575289510055,-0.0008209332468323005,0.001523248175323344,0.005818690379566727,0.004772247592455869,-0.0015172279459796378,0.002250837667399086,-0.014813462500716357
2022-04-01,0.024245933701686484,0.014399782513541348,0.008147322813262026,-0.0017305871944819362,0.01057253038373207,0.010163656186861436,0.029682858733389716,0.005027132837951864,0.016725696504731546
2022-04-04,0.10013279624063509,0.024204111829934982,0.014057683935679854,-0.01082191955006162,0.00848795612809261,0.014976666261186988,0.008264601371819058,0.003085928142815275,0.0063144044042025005
2022-04-05,-0.02930358218059903,0.00533263588670585,-0.0064291086373980955,-0.011604202286017551,0.01565859453647933,0.01139446068657457,-0.005854852610824857,0.01178957380495027,-0.0024140733747179954
2022-04-06,-0.035690947033402365,0.001051577813575122,-0.00026956695146496124,-0.017328412975698204,0.000578131053263542,0.0107389014411583,0.008932011502937875,-0.01558423412003318,-0.009346685116800812
2022-04-07,-0.021987859368717944,0.010620363745363903,0.00937163189081791,-0.009760231945385112,-0.011363554108752671,-0.0015562814963400173,0.0019457957269009007,-0.01895954472801964,-0.02139668121007987
2022-04-08,-0.0013845414278653712,0.008430675518948494,0.007681550862283171,0.001987820488561942,0.04344432421180322,0.014536798350106128,0.0022331667680652867,0.0004071252208741605,0.004820579336632269
2022-04-11,-0.012214073651284352,-0.009161796647186637,0.007026228025832637,-0.026479593434876714,-0.0011202098542970607,-0.0014333627122302683,-0.0023250245370222133,0.0029167794210722686,-0.021502634805432352
2022-04-12,-0.0017712094201478568,-0.014238910435715235,0.00559510013526987,-0.013642445716602891,-0.010093470662200787,-0.0004640399842013032,-0.003981470255126074,-0.0014338557652597839,-0.021712416511520116
2022-04-13,-0.01911619373234652,0.009332649579538055,-0.0020945302257919796,0.0035008619877638925,0.01793801715046861,-0.001922036835042329,0.009457056650707507,-0.00789753062875198,0.000894815665397175
2022-04-18,-0.04744191725951219,0.011848925620156603,-0.005838064936214193,-0.072717406156244,0.0020404531193336517,0.009742929579025894,-0.01583936573158906,-0.03656508464868047,-0.03683834738925307
2022-04-19,-0.038159735712594345,-0.029665317604283703,0.011216613288225874,-0.0366349275838167,-0.031654938485107365,-0.03301988009877321,0.004514237691106038,-0.01591532490475267,-0.015131707543969308
2022-04-20,0.009015105421300795,0.02456165711546565,-0.014028399859032037,0.016452919911433384,-0.007646663595191283,0.019867836521842985,-0.0048847320540027495,0.024453401809854114,0.011405336704179314
2022-04-21,0.014804739502646047,0.015243087508114872,0.008999979596604035,0.019588381315716275,0.0032749555123485763,-0.0006725619750447276,0.013744348793728323,0.02020091998912643,0.005032718123771485
2022-04-22,-0.013642920320889762,-0.032302775018929863,-0.019282305240026054,-0.02060175569829137,0.00268817261355081,-0.0008351271201373356,-0.03040866268048359,-0.0044370047620680975,-0.0027819537242788073
2022-04-25,0.007487518908593227,-0.01231822144950867,0.0060855462343716304,-0.015358412708432523,-0.022405329390403295,-0.000717439278180132,-0.011685966307343754,-0.017812971481189765,-0.01552921855754752
2022-04-26,0.004612857295605677,0.022658546508274702,0.002060803059049432,0.01274744698283281,0.014495648966859731,0.0132629348509532,0.021728189708767776,-0.0005353940454486672,-0.00018887347997631476
2022-04-27,0.0003644722172004844,-0.0015128938933629543,-0.02262029372748542,-0.017836815538877282,-0.005599675359692524,-0.010466526587815328,-0.016320505749165215,0.0042015384127871425,-0.01946153659340988
2022-04-28,-0.0008744333199015575,0.04510295468638237,0.014184898719925565,0.019191193856015643,0.01398079279342701,0.011233056256112262,0.020613375376949516,0.006486606762600378,0.006937158825865319
2022-04-29,0.009662181566144179,-0.0031224310581454695,-0.005152890619460226,-0.009509599646000955,-0.00593647952095544,-0.00528556856759399,-0.022068967743914314,-0.010490261506839071,-0.026313279368352593
2022-05-02,0.013794472535336944,-0.0019465401263200066,-0.0030943563676959496,-0.01693744316443424,0.013870082500629488,0.0060147031775756865,-0.010679086609889032,-0.0012123119266425064,-0.02712259822700902
2022-05-04,-0.03398155705334105,-0.02642896269720052,-0.02260455404440942,-0.003536459051215579,-0.012920332063091178,-0.019131825454684726,-0.023116012694881838,-0.017685838043023372,-0.006565708755353117
2022-05-05,-0.002249245724796012,-0.002279296313406509,0.006282339884909005,0.032301065004080254,0.008854579318827271,-0.026758517601258802,0.0007296198037904933,0.009670244741181167,0.01911547117046619
2022-05-06,-0.026128177719942358,-0.008031188899978448,-0.013103797370434322,-0.026685217714746856,0.01755400896892767,-0.03455505421942229,0.008229291471215205,-0.02299776878388593,-0.03202634959615147
2022-05-09,0.001707659985749732,-0.015145260875847888,-0.012373920644540903,0.017824142297707235,-0.013875851268251638,-0.028895885925089404,-0.016634113428285358,0.0036416843830844314,-0.0040198351600602145
2022-05-10,0.016062595997855533,0.03011820234122453,0.0013373546685309101,-0.011048578919800156,-0.012169647127104,0.0009845755980419924,-0.0014707383122853912,-0.0018431858827162584,-0.011383672384936538
2022-05-11,0.005629918140553913,-0.007750581913899102,0.004077031290677713,-0.016902713214608123,-0.015784422774636764,-0.0004963402308862941,0.002840779002248217,-0.007778911038747505,-0.01203801034409846
2022-05-12,-0.022541560761799473,-0.01141672656330217,-0.025763133314620768,-0.011756964543494508,-0.010756830543798168,-0.017707951164793956,-0.029167929979473595,-0.000981949965485951,0.004026240492568833
2022-05-13,-0.008978992815111941,0.02585565232408804,-0.02651622640553941,-0.0029162585514924677,0.02253854777578579,0.011279192416119743,-0.03890629304234228,0.0018335550816970247,-0.010869583974916996
2022-05-16,0.01064772576357309,0.01055097674694605,0.008341300519796313,-0.010170141709132663,-0.017401508309293545,-0.011223632776576342,0.023276702130999638,-0.011156998627611991,-0.0013869317725035968
2022-05-17,0.006819525084478695,0.012515580970834828,0.03953160920228527,0.01970988553399966,0.041715937163640415,0.006446370823633973,0.027033028404011228,0.022151281273916634,0.0398503857341066
2022-05-18,-7.60701687454457e-05,0.020667858451442145,-0.0037324897471076035,-0.006091867867738743,0.007933511921042857,0.0012374363363478746,-0.019901563396220623,-0.0008112384748175661,-0.011096220719025163
2022-05-19,-0.02043537265488382,-0.011717524119119194,-0.024104029151276185,-0.054366273273972476,0.03317087964250942,-0.015256739641477335,-0.022925788719972418,-0.054178418036273324,-0.06254548588078168
2022-05-20,0.026339100831644924,0.02711336937282116,0.027886480475443953,0.019619312355059648,0.015780805445765766,0.047703377953653314,0.033296056099953786,0.00951892730064463,0.01872985911447622
2022-05-23,-0.012831530170271832,0.023152039028759175,0.0021139093693502975,0.009105537043061052,-0.019642808501779796,0.007846047275320123,-0.0032439381687184854,0.008730550753272448,0.013925238020892516
2022-05-24,0.011464664180679707,-0.029477404432326937,-0.004078376542786533,-0.018659604777313654,-0.013296692329999638,0.011345039984398397,0.002495122736119848,-0.01016023919913156,-0.01298288950247628
2022-05-25,0.00746825386215777,-0.004740735195623236,0.007343026830098909,-0.021200659839467728,0.006830170037347649,0.0056233364582714,-0.0018683157284778984,-0.03011329137628793,-0.03282961660928396
2022-05-26,0.028521794547351487,-0.008048189992031718,0.021237916583642935,0.009571406273364058,0.0018433321684432347,0.021335149597407677,0.0325919413844451,0.01872057516830461,0.019107524451611457
2022-05-27,0.018548280660838357,0.022103372105273467,0.015511181382885653,0.026264986053888384,0.009373811306092827,-0.0006486648614776325,0.00010666370118639357,0.010644836275022884,0.02999900877658357
2022-05-30,0.006824668751382212,0.007873512145960548,0.011759989991063646,0.04478738553776496,-0.0005571574388635314,0.003732711985161563,0.012048203548233438,0.034939930740911285,0.01991645032384537
2022-05-31,-0.008990181421866472,0.0018306858185139774,0.005811481922005646,-0.004765634351540982,0.005946793619651336,-0.0008696426351305631,-0.013695801616270709,-0.003229282885245488,0.0037794645749362754
2022-06-01,0.004247870790497821,-0.019037737949460065,-0.0002655268208415773,-0.016660213035166294,0.004433845028122496,-0.02543308697382629,0.0004272461147867279,-0.002719675709132785,-0.015270351340884059
2022-06-02,-0.006990029495552719,-0.010244798447205494,-0.003853042489890268,0.019918339458571577,0.006069517635822752,0.008830278237277556,0.0033099155732778662,0.020207295147367965,0.007222543891132194
2022-06-03,-0.0034654013922048588,0.0031292039505568248,-0.007269109716173561,0.009084892713107084,-0.002925050800762552,-0.012809124472716316,-0.011386642873585928,0.005009926167872436,0.002847221834228142
2022-06-06,-0.0013403446022756116,-0.004995542918681317,0.0032916530384492493,0.005487260529215998,0.0077007505610362514,-0.010139235268742608,-0.0017221600336887466,-0.0026740318237236105,-0.004837017112482744
2022-06-07,-0.011498447815830537,-0.030212653382258314,-0.015399966363182527,-0.01526097601300136,-0.0032750822353621034,-0.0147085168547203,-0.0006470893885899276,-0.01989240511867174,-0.01172871393032382
2022-06-08,0.003522717201800196,-0.006579144527611769,-0.007820502924130723,-0.004446746519909395,-0.021905908812783093,-0.00138227521605494,0.017047874259010554,0.012326195313784538,0.005880523922965786
2022-06-09,0.007532584224634986,0.00029570488652330695,0.0044550543316348445,0.009999881591326476,0.01101174285163431,0.002654819396170849,-0.009229748366976098,0.0067419859695689865,0.00988522476668785
2022-06-10,-0.019307555736180926,0.0010011657818009834,-0.017400101962577796,-0.025214513608250777,-0.002584560271845948,0.0004024980180021842,-0.010921952548305858,-0.019608470856861793,-0.02968118767710648
2022-06-13,-0.018133317210155764,-0.0013637794236676104,-0.04444456290789234,-0.035414345758896904,-0.020358996180449784,0.004742234565341397,-0.034643343807604254,-0.04175706759978026,-0.032216038046163686
2022-06-14,-0.011005633958231176,-0.011789176854525851,-0.003633629607382116,0.011267224875230575,0.0030226617063873196,0.0010086673945834956,0.005046567668154367,-0.002811178697058603,-0.0004483143746084606
2022-06-15,-0.0034680158443947118,-0.002532368652494288,0.0025528442523599093,-0.012738269272568159,-0.007722597323269187,-0.004098593941715745,0.007252876458500035,-0.001323651772559331,-0.01300731479924222
2022-06-16,-0.020000640327847874,6.974087846156607e-05,-0.012731810721286818,-0.01757857015065145,-0.010250690087503789,0.004267197219857799,-0.021601881587498983,-0.02005414153458218,-0.04044550276605541
2022-06-17,0.0065948465454497285,-0.0168862161655583,0.012306382871386079,-0.007085438208168204,0.009973168133212251,-0.013725109800652557,-0.0013586542527433965,-0.016900240338783123,-0.0404924896635146
2022-06-20,0.025121060017207375,0.040488876125313045,-0.0013101906024101106,0.019354122855121503,0.0030384332954096482,0.019510307360273815,-0.014285717421524735,0.007607924943905386,0.02332183239232899
2022-06-21,0.010891378165838628,0.004143982061310281,0.014796819605662037,0.025280205035222325,0.021961485991321528,0.00027708979498730635,0.03692196508192991,0.03198506564471315,0.025322508067877836
2022-06-22,-0.004713651776104055,-0.000974868461062095,-0.013647411542119237,-0.008724704407983563,-0.017043511611723128,-0.011587018993918008,-0.006877431784054755,0.0034246482224185026,-0.03269432242825121
2022-06-23,0.0036836212733848406,0.02258425080194515,0.01827850743347037,0.010575687023175906,0.0007540005310473497,0.011990920501379065,0.008377149556234587,0.0266369912569151,0.018966542037850642
2022-06-24,0.01396833413566334,0.02277355932054892,0.02045340433036147,-0.007814297075949717,0.0013182188946470053,0.015041692102063964,0.006313676733089135,-0.004744853102564783,-0.000715919168643997
2022-06-27,0.0018097715106077938,0.0072702984571129114,0.005466314622164514,0.023246014460750697,0.01542222414340455,0.0073468820867446105,0.015299939897583714,0.0065593481526566855,0.014686584202129982
2022-06-28,-0.007631360952224497,-0.0012927493801729861,-0.009827730738264373,0.003763826116124358,0.007038386286225551,0.002629861485862861,0.006613156180245605,0.0010408155132477503,0.005530732573831854
2022-06-29,-0.0014488698240461284,-0.03632988519939129,-0.010629431882767992,-0.011417861080084246,0.008092646078281751,0.005467086173429392,-0.011093135688323819,-0.008333000902703391,-0.01521354374663142
2022-06-30,0.0030135066030414492,-0.0012760200545008926,0.006332359895507622,-0.0009225074436474134,-0.002006887412907443,-0.0016598385706266816,0.01481162807582237,-0.00711136701493198,-0.011170489827382002
2022-07-01,0.0042655925616648105,0.023200035110646944,-0.004666179332896037,0.011970719424056586,0.03967091929144129,0.018606048279990794,0.002038967268619185,0.014691909713526297,0.01430111942515988
2022-07-04,0.001403456299268191,0.04068185373651412,0.02301450896817836,0.005813236972059821,0.026551783938199902,0.011211017462885886,0.014137356596799489,-0.02414703720312328,-0.0040284120892197794
2022-07-05,-0.002249793725242588,0.011072787003247875,-0.0009025370912686403,-0.008098185583231277,-0.017129245506966262,-0.0005306554282831222,-0.0027458546550138685,-0.005796038466804654,-0.015941023039237057
2022-07-06,0.013788222963591057,0.04034971432031598,0.009034573497674891,0.010637158307043482,0.00836542490790948,0.02244359083892178,0.016520217430199713,0.013820247849379408,0.005923648572779605
2022-07-07,0.017903395538873434,-0.010186483522616863,0.022109096191526456,0.00472623700192365,0.009160103761545635,-0.009989817446292903,0.014168113924710957,0.00831103737434935,0.01141679398722073
2022-07-08,0.0009313211537584909,0.009664640472308195,0.0184634943398998,0.01050908816341356,0.0037674974634795966,0.011766064504334262,0.0036980168569216154,-0.006813120351346735,-0.004039900183477774
2022-07-11,0.006477772639859047,-0.0025030911636659825,0.018261161418858585,-0.027270544043515477,0.006654366789743182,0.003813858596606323,-0.0007162847824125906,-0.04644062521260239,-0.018849846438717344
2022-07-12,-0.010205120881973895,-0.01648211811545175,-0.0124756439526722,-0.023453079637587027,-0.007796592996581753,-0.019700514962125548,-0.006657201449247641,-0.00934546345694498,-0.0049854933770930865
2022-07-13,-0.024393033660554564,0.019677077424434364,-0.008816887194419643,0.004066309037242144,0.004612069781210648,0.006868928896900162,0.003196141554837162,-0.01489619862707059,-0.005987915776859087
2022-07-14,-0.00500777940585051,1.985699635786986e-05,-0.0010621148382221612,-0.010799917913283386,-0.010882339629934568,0.006227483355685459,-0.0146967313462395,-0.010558296015073632,-0.012908910981219046
2022-07-15,0.00814181735525854,0.028305118418640918,-0.0015949498161985654,0.0010498112260868275,0.009282811198905838,0.02222923517875164,-0.0005215573211555524,-0.0013839084111513245,-0.018931286640227585
2022-07-18,-0.010645711629641341,-0.005840020147134362,0.027689011616117032,0.04163317717446513,0.0059617167749557165,-0.00778304357464954,0.02337712579175233,0.023007933823568916,0.027675419391660183
2022-07-19,0.000370975362096404,0.005658939450456257,0.011204768086306327,-0.0038592875910262725,-0.00237056631778787,-0.013299038140000663,0.015602710390224095,0.0035089970250117286,0.0022236388020000497
2022-07-20,0.012610743211250108,0.014233123995423203,0.0031383005090388494,0.020988417444875118,0.012220043437593864,0.013026572460408614,0.0213877178509172,0.029454338103717115,0.01590043843594957
2022-07-21,-0.0031498964902587634,0.001132716801457434,0.003703301659350622,0.011614931138630435,0.004527065628610716,0.011970186368630342,0.006783278385762648,0.0039498920023977035,0.004610490019520075
2022-07-22,0.023332568004072574,0.012713483578554063,0.017875330588426275,-0.01735288646995381,0.003338467281675861,0.007908700474033914,0.0032223379131262053,-0.001982853648951899,-0.0076086484248911734
2022-07-25,0.0029444218177803183,-0.006437872066247574,0.0010623643584151132,-0.0017922845473252735,0.0018299965898862514,-0.012185999453315888,0.007981320156823735,-0.001340237707849301,0.009614257912005097
2022-07-26,-0.002040684721113406,-0.02915833863021855,-0.00574354818143763,-0.03488289992283389,0.004483284472050819,-0.013223968725209367,-0.006952466397222579,-0.016057590060971405,-0.023143744453184123
2022-07-27,0.007641367575445868,0.013682069703979671,0.005274492320928248,0.013713208005537325,0.005620864401299164,0.0017504096356601995,0.02722674544402115,0.023412331019073918,0.0035785368823935126
2022-07-28,0.008864815514976199,0.014775780577103825,0.017613874092559767,0.031508105195442004,-0.0023014117359344555,0.030768176767116184,0.00804616315901785,0.02246888028965932,0.02299280901178946
2022-07-29,0.01224548372919565,0.0066026134535532854,0.004910447592874956,0.021286234896113365,-0.001318176769863566,0.01290785992660659,-0.007700261460913405,0.012697289231310194,0.01850948029677557
2022-08-01,0.008332237350955563,-0.01683472875275538,0.0058636358954595735,0.0008713059039116011,0.014684057932484285,-0.0053670386580723095,0.010220553051426107,-0.0009387223763401842,0.012508917352716864
2022-08-02,-0.010994719163065603,0.016293894165998024,-0.006861691969918371,-0.00480332222051616,0.007967479731854965,0.010573762310167378,0.015643943925722992,-0.002121886998274647,0.001398476435245044
2022-08-03,0.002342197658813383,-0.003377220880178222,0.008621197755860122,0.014576274939175127,-0.0058074570092101485,-0.0047741985940490395,-0.0023058667788876663,0.01449035678270838,0.006401366802390784
2022-08-04,-0.00118574903264701,0.0006091549031186361,-0.005516546588282267,0.021582293717766987,0.004381064612474006,0.02499763693649637,-0.014051766759333617,0.004626338290493193,0.007285718489441484
2022-08-05,-0.003387130551625206,0.006640103879647086,0.021883590827879162,0.010469563532419235,0.004362070820924657,0.0036019792743322565,-0.0041258209904524445,0.003010577995925079,0.010333004778131372
2022-08-08,0.02452613452294261,0.0018713363956868179,0.004500746733907102,0.0017009076001672785,0.007398876676864896,-0.013480384655017441,-0.020054515383035598,0.002793409065648955,-0.009431768819757158
2022-08-10,0.002906992381226381,-0.0028488886816122605,0.01409870385547718,-0.0104667160440568,-0.006227073452360066,0.005930381666718443,-0.01095308887423918,-0.005986118889746761,-0.013078000969191095
2022-08-11,0.013230407384120513,-0.01101091157342493,0.01290136448449375,0.010920690163905622,-0.015906155738442007,-0.004547458162947993,0.019525936866812366,0.020347266551204335,0.019295646774292408
2022-08-12,-0.0003701191339638976,-0.007173757515550716,0.017099052013778593,-0.01595725859490338,0.007510247225321454,-0.006928548684097313,0.01133872475564801,-0.0061210319906278565,-0.005359734299561936
2022-08-16,0.011446595564954531,0.01909489266133968,0.005546686573117299,0.0014741070696027148,0.00648182666184538,0.007148422986753333,-0.008950504031308038,-0.002602027718685229,0.0022931221634077126
2022-08-17,0.0051592923163810145,0.015182482009853171,0.0045492826265307595,0.006138662829605623,0.006440314800122859,0.0026595669157079005,0.004182963758751823,0.0024759521343733493,0.013612325931725566
2022-08-18,0.0011920298910590432,-0.0009685134001223838,0.0020945288382943072,-0.014505754946881999,0.00991845937284519,-0.009001574874916596,0.007952226887460334,-0.00583637034172424,-0.018056615159752654
2022-08-19,-0.012336988544662475,-0.017710392358550764,-0.01660828381844537,0.00893898807639082,-0.011563560154442154,-0.005969541419551416,-0.02254160178770448,0.0013308025195648554,-0.005976266785204243
2022-08-22,-0.015203745602630492,-0.00297971828153909,-0.020852458356702575,-0.013430509269665714,0.007692206598662432,0.000581152101697402,-0.017392075981991217,-0.00921488115916258,-0.028789604480806363
2022-08-23,-0.003094526260122188,-0.01292489965012611,0.01366975587703445,-0.021102548194692483,0.004771144647995218,0.008916750805542328,0.020731594183142743,-0.020852272049534326,-0.007976127605582528
2022-08-24,0.004809630684436517,-0.001735669633463277,0.010880828903005346,-0.0031769328347877046,-0.00569784512764393,0.002313405355856002,-0.004981892122356002,-0.008905288021319402,-0.001200123992141977
2022-08-25,-0.005431678862279132,-0.005428557353960528,-0.0010878446945387088,-0.012585277450031573,-0.005571554713972748,-0.0073407873035389315,0.002118233598229491,-0.011411783544277854,-0.002282653218725672
2022-08-26,0.0001706777969487927,-0.0010291348458179028,-0.0017195465037560531,0.002239619524369907,0.0017609201924990714,7.42929194164077e-05,0.006533360516398856,0.0012428498494607698,0.004937226978138032
2022-08-29,-0.017541315419869363,0.001652634020530508,-0.017224509794697362,-0.03930203681662581,0.002077272562161836,0.0060552687850847775,-0.01708661634629982,-0.027822883877216875,-0.03091662223654712
2022-08-30,0.03244396116376169,0.03263078358500482,0.03674709286243538,0.021344196314247554,0.022165289220172912,0.014226603268344018,0.031853906895146,0.025091482849398883,0.02275250108545901
2022-09-01,-0.009386972019100326,-0.020245687283077962,-0.014594920946645384,-0.019257017029344348,-0.009048126945136903,-0.009680833159078528,0.003858797095883215,-0.024741956060583603,-0.0074959285413030985
2022-09-02,0.009068275082126043,-0.0009209174817281784,-0.0022300899110732075,-0.007649306349122753,0.017474515175946115,-0.008673303983497305,0.006375446453692035,-0.0004150352810410318,-0.006700028294940208
2022-09-05,0.006428900061037357,-0.0011523575456080515,0.011519935142337179,0.005712350001615851,0.017639097275710336,-0.015443342493732026,0.00409917969510909,0.0009584121974168802,-0.005396257394795434
2022-09-06,-0.003812608623201652,-0.01057439913216851,0.0013597932008639901,-0.004242824591550565,-0.0051696213297492966,-0.011308621654102624,-0.0020413123245578424,-0.0020266185562299865,-0.0025894067173589663
2022-09-07,-0.004733579645045394,-0.003303378249979505,-0.008430877576842688,0.0017524278398466375,-0.0032095840931811725,0.00721568385720972,-0.009204155126598335,0.007211286525619309,0.00741754651765314
2022-09-08,0.010321726440019274,0.004893575615109169,0.02579314756821005,0.012520156989357822,0.011652944538601773,-0.0028963815365711243,0.022145121780184462,0.006365848121051565,0.013130450368620261
2022-09-09,0.000667866143531759,0.004481717245648831,0.0027258552074092,0.02422260093540518,0.0018188998114703203,-0.0037910463366271907,0.01597348881920957,0.015143503802020897,0.010537800514807794
2022-09-12,-0.0033699439730837666,-0.0032063322554276574,0.006601967890271121,0.0162403664312174,0.0012100717935301653,-0.004359504384342072,0.002801239360940899,0.007863086797064378,0.011626520358406056
2022-09-13,0.013089662001999347,0.0024028236120969826,0.0030864278391420363,0.005695871852737122,0.010577260666773114,0.005032224155881337,0.005586596077101547,-0.004193809321682118,0.0015402501368082522
2022-09-14,0.01027694121584255,-0.005876656571229821,0.00890101659626552,-0.04501757288475228,0.002840873950577638,0.0023657457763177625,0.02464148969857538,-0.03373745668225503,-0.015024174390830924
2022-09-15,-0.005200712967511567,-0.004277751280270525,-0.0005445290263332847,-0.02887339698004754,-0.0037273352180944297,-0.005220104755757182,0.0006996980428772837,-0.005143353275120277,-0.0030027144708509867
2022-09-16,-0.018379652406341318,-0.012595487705474584,-0.009263331989843415,-0.03890994054511421,-0.008380846651973028,-0.03181644371731085,-0.018089757927571726,-0.03081167798318074,-0.03228532625932823
2022-09-19,0.006598473966402452,0.020212314347174853,-0.010889897912238045,0.009621968010610882,0.012979224403647294,0.01961777699613365,0.018600962441972513,0.0066805221086641,0.0007470151760358146
2022-09-20,0.012045831073366431,0.0016671312968337126,0.01951731999384565,-0.001258643434976836,0.0011918972848405929,-0.007918994349116804,0.0031454952835614503,0.0037967940919305665,0.00733918961592428
2022-09-21,-0.0015453315322538907,0.015501965486637515,-0.0016361291371941311,-0.00813795332896361,0.014732129523959525,0.0017861208935545658,-0.007577702790816043,-0.012860379545083789,-0.010249390803802938
2022-09-22,-0.021305965660359694,0.026357010525740687,-0.012947292709886926,-0.006752727352307142,0.012025219308077872,-0.0006220796805536111,-0.004212728218708883,0.0020659146306898357,-0.006986819449819381
2022-09-23,-0.02681699260875825,-0.003973685687498896,-0.023411497665247527,-0.0018274815692793656,0.003912444550769445,-0.007640196817587652,-0.02943786884645405,-0.008429272538302612,-0.009046375557149156
2022-09-26,-0.013484137534203078,-0.008016353178463609,-0.024029592290022217,0.010838825207770242,-0.039838255889873,-0.0023032016047618287,-0.01325815425245258,0.004141293420985459,0.0011410162757785614
2022-09-27,-0.008971961852335286,0.00702869443469778,-0.009871635111463495,0.009636023569044028,0.00676482722411742,0.011886857187543454,-0.012516080292777176,0.00769773255051831,0.009118555133898809
2022-09-28,-0.01718721121978961,0.00852842713740598,-0.003577434963797921,0.0008251657597342366,-0.029565450903095147,0.009013213411134702,-0.021714787628193344,0.006031759835212647,-0.000878627138323762
2022-09-29,-0.005181546752091926,-0.0005734344456410634,-0.006592056385410827,0.002832251176116962,0.024926929341010373,0.007335119765671028,-0.005906515087856001,-0.012633397613705522,-0.013189189437901372
2022-09-30,0.028212951552117893,-0.0015182086964348196,0.021447968563089503,0.010581541779826287,-0.0025521604266963704,0.008727969158377924,0.016962155660107614,0.002418879666843843,0.0036914216307066816
2022-10-03,-0.00573415107665709,-0.027425164197844576,-0.015835371346496374,-0.013937416566321748,-0.023479819237256394,-0.007949975416346233,-0.02044850352366956,-0.006523505175018762,0.00063419704971035
2022-10-04,0.0281630899638754,0.01733070539850501,0.022750139804690095,0.025578397160740618,0.026048010253777676,0.013650163706186103,0.024915840676890344,0.03557848517110962,0.02788325369926592
2022-10-06,-0.011011592142094906,-0.02022140678247697,0.020515222671516176,0.018014541839795006,0.011416521099692156,0.0025087656023365934,0.008635172459035223,0.003493988592538466,0.011467430215670538
2022-10-07,-0.004314596378945157,-0.005470447780409615,-0.0032752624759054827,-0.002714500914558271,-0.007574499764629095,0.0010802800158464798,-0.013214117174532802,-0.011943922271400398,-0.004998176747159078
2022-10-10,-0.011042813053319778,0.0022695163825501297,-0.0009063552661764396,0.0078901972201606,-0.018707047057429094,-0.010452345661609574,0.0010372822766167022,0.01750437225191126,0.007841182770571109
2022-10-11,-0.0101412943065875,-0.021089474347737003,-0.01264536900396751,-0.02656148173933781,-0.0047277941835207615,-0.034996534052625705,-0.006311721643700752,-0.015712327166103268,-0.016776168133820657
2022-10-12,0.006532718200884302,0.015956950227798528,-0.0025844684895500736,0.003441470896152765,0.011645691180242723,0.014929568969862084,0.01213487540185998,0.010164298588464238,0.008778597648402942
2022-10-13,-0.011491087171133674,-0.009628400112714153,-0.016986271808440145,-0.0061593880092349895,-0.00439254845608672,0.002042625406583287,-0.023135996289903482,0.0008224665305107681,-0.07071949137636202
2022-10-14,0.032577521674793886,0.0036629032218897795,0.019505692726354384,0.03827723719165954,0.010497440429449778,0.008759021004955514,0.011027010262478987,-0.0013373723786072045,-0.00474809483525096
2022-10-17,0.005246693313851081,0.0057263861676351,0.017179030721288013,0.010649516358385736,0.00045173971777701105,-0.0004146890248412083,0.031202452965637395,0.006664109605692969,-0.005830874221991689
2022-10-18,-0.0018665694827552093,0.004516473143388877,0.013217307670159162,0.009228637113895655,0.024228665233934743,0.0247197170055371,0.03458108883392241,0.010589075048024421,0.011196885679254809
2022-10-19,0.010250452404133359,-0.007397514310655717,-0.005351890738721998,-0.012136821719195612,0.017778450938377377,0.01811703356802452,-0.01609020234003422,-0.007266350367522101,-0.003295451605949573
2022-10-20,-0.006752731799208989,0.006929978992813224,-0.0038671961187536352,0.010400918575852236,0.009672275820930443,0.01631274684130024,0.003614028602265007,0.011355526639812208,0.009125827116755802
2022-10-21,-0.007040377279890375,0.020377585674128618,0.020818152506681287,-0.00026670800117722937,-0.011724434292522679,0.011656938620319801,0.009812709137357656,-0.006302973726115324,0.0027522190966662308
2022-10-24,0.015605404573704407,-0.030445865194953403,0.02111010377993261,0.011562881057030072,0.006076478960090226,0.028583471333750277,0.01720599044764959,0.007745363892952328,0.005620305529520531
2022-10-25,-0.006947055065766872,-0.02631076743068661,-0.0013495752318811727,0.0055671340518008705,-0.004026415470257283,-0.028390448475153374,0.014110480039573936,0.00012674619503805218,-0.00013007313936108655
2022-10-27,0.002412375970451741,0.0054285576584733874,-0.0007025760490736443,0.009372060486860567,-0.0014437076573007301,-0.007353700117495809,0.0019011911558246553,-0.0014866749619379949,-0.005199521166545651
2022-10-28,0.002956384497964093,0.0020840955275909234,-0.0179035549793507,-0.007021293320290667,0.0,0.007410701435733857,-0.015354126887813901,0.0018527911950669829,0.0015680434354699013
2022-10-31,0.026050578668406654,0.010478119765106486,0.000936350617732451,0.016124340752289745,0.008386234866999409,0.009966517521620144,0.0053439378383635106,0.009452470631776011,0.008610480875302695
2022-11-01,0.011057734439106737,0.007143770480654732,-0.00011012872464810641,0.022989596218317532,0.002294239933225528,0.011125476731508765,0.005402695803156776,0.02084139836898724,0.015133964065348948
2022-11-02,0.0006277644393783977,-0.013127858439247353,-0.004292326768915444,-0.012523821474789809,0.014735375975768461,-0.009839929195146757,-0.0052869680856716395,-0.005521944436069237,0.00395005920963154
2022-11-03,-0.004391677961264162,0.01113839899137381,0.00436613808746511,-0.014517515259067859,-0.002678562645009319,0.0017706787930322765,0.019256018588233115,-0.010781592598982592,-0.013834279707982455
2022-11-04,-0.006898618130757872,-0.010210574097115899,-0.0036868309010409384,-0.010942213983875182,-0.00028280220888765584,9.070537059274741e-05,0.015472615226479691,0.003321410235396005,0.00527662682454233
2022-11-07,0.007781432587818271,0.004939549772688068,0.01347621667735699,-0.00432630032969239,-0.00028298392820147455,0.0026902491605722556,0.03400964585785293,0.005066209143631095,0.002432612839228243
2022-11-09,-0.0002982877961029695,-0.009475420337410556,-0.0076294137873583745,0.002487454345826867,0.02036778991805699,-0.007829587259369442,0.002279398668319166,-0.005458202269171375,-0.0014049503238369176
2022-11-10,0.010872840436952025,0.0019130891820138274,0.00021968463645327674,-0.006120854441157952,-0.013030268310527449,-0.007116107010260664,-0.015920552194289117,-0.003233884920904595,-0.0052436431461624355
2022-11-11,0.05666500336846991,-0.0041971270511406145,-0.004556939908844759,0.04537432144733322,0.000983362651678421,0.007295983816468121,-0.007346386781788006,0.03440807886850039,0.027770594492605438
2022-11-14,0.002420752192825004,-0.01807795886606367,-0.012795777696242516,0.00968097704964177,-0.02567705929827835,-0.012660733804705449,-0.014551656803965307,0.005895708022484403,-0.007880943785464889
2022-11-15,0.0024456944538366887,-0.00012205572058787695,0.0187161370964275,0.005487833035137779,-0.005616382287350508,-0.0004809450841521956,0.0140071007530842,-0.0008693197524098917,0.0015129975520697947
2022-11-16,0.008585547166056529,0.008280859410752628,0.002083982641275961,0.005520840909316815,-0.003330938588547938,0.0021115853475017765,-0.0018307377921634727,0.006826431544072253,0.0027698442645076593
2022-11-17,-0.009033014342544665,-0.007203914652318066,0.006786362565255555,-0.009608279680883847,-0.0011624548713821126,-0.005318985171759549,-0.001167171271596934,-0.0018924502740241822,-0.0037664706099252987
2022-11-18,-0.0026264033020060307,0.009634198052965282,0.0005979904284811877,0.0037797115234414758,-0.007710265556627904,-0.003296487831180639,0.006093037676451862,-0.0016573717168429924,-0.0073093407472542005
2022-11-21,-0.010254729486237846,0.007126399895314606,0.0011408307942084583,-0.015815129160076324,-0.011288516957084549,-0.008200599774301986,-0.007632302868760377,-0.017930531917459303,-0.01320303464854089
2022-11-22,-0.001471257043701657,0.0057166492188061024,0.0024962152535430437,0.010744813978137646,0.00904491920895456,-0.0074994849579608225,0.0016720181461875594,0.009578268916355492,0.00038600106181840843
2022-11-23,0.002601934483453583,-0.0033190124661369724,0.004059715843590439,-0.001198792273046534,-0.0013223347723726464,-0.0024676395537504003,0.014271375231624583,-0.002006097080552993,-0.00012861737416314245
2022-11-24,0.016258656126131088,0.0166710028495356,0.012291824445668897,0.029466531073172764,0.002795727106041479,0.008706865838105315,0.002797630881800739,0.021718000171354168,0.024437247637960624
2022-11-25,-0.004614966851243962,-0.004589792424692263,-0.009106960889233795,0.003589505541181204,-0.0013208164171790715,-0.010443090216413431,-0.0032000072864637463,0.0028105392450588074,0.011424977274625325
2022-11-28,-0.010756416677389913,-0.004827683585093112,0.007632012702070146,-0.0074894121198829655,-0.0007346869146140911,0.014649654634521392,0.001975467148097154,0.0016521538192291185,0.007075489698878723
2022-11-29,-0.0014996638260855732,0.0431648179950177,0.00997436965518772,0.0034803450976688133,0.006616832141238094,0.015429998309304915,-8.217977669155996e-05,0.0006186057349613083,-0.0012325871268497046
2022-11-30,0.0066337873588653284,0.01903811324065563,0.006495956015015514,0.003621715356556754,-0.006719290213632156,0.003113551331924702,-0.010023787433180997,-0.0019279520522120785,0.00431937895486989
2022-12-01,0.006870035641567851,-0.00800924248325141,-0.013327749746802287,0.013547788079265377,-0.0013235185684545847,-0.006656299312553848,0.00937843422889606,0.02502355443960047,0.016711784847364353
2022-12-02,-0.007656620834038619,-0.017932116593242675,-0.010210629533637383,-0.011586453621976633,-0.007068085177603045,-0.014878269761225527,-0.0009046146276949774,-0.010501671812347069,-0.0031423828541585763
2022-12-05,0.0036400024405072173,0.0018162885395389683,0.0032237591282993083,0.0011294748401129429,-0.0011865242339733628,5.0700436439399255e-05,0.016048291779938717,-0.0038526949483932427,-0.00012133642315614868
2022-12-06,-0.0011159508302155396,0.013245383255990006,-0.011728758900745873,-0.016374452519550498,0.0016333287939354069,0.008044658107144942,-0.013526731258094338,-0.011836175550785422,-0.0024249607730433276
2022-12-07,-0.00043443947702237473,0.01989029462064673,-0.0005419114329348051,-0.00458800958021488,0.008301123284466305,-1.2557463077933484e-05,-0.003120188622937281,-0.00140323103228146,-0.01227671871875613
2022-12-08,0.005619528058887546,-0.0007018934545363065,0.010573138226257717,0.009124881220769376,-0.004998618281014666,-0.00529855489690767,0.007577717852478072,-0.00888899025931078,-0.006399231107002246
2022-12-09,0.007131919001200915,0.006209641619872697,-0.002146196831425029,-0.031385858503539255,0.008865318332187622,0.022034492463357314,0.0079293667753908,-0.017250928437072766,-0.02390388767192475
2022-12-12,0.007786328930109443,-0.0018367091296686011,0.0004300684141049782,-0.014082992312083764,0.005272470130922136,0.01213329941224095,-0.005596171824876484,-0.0019132571553995836,0.005836744131924254
2022-12-13,0.0027680833125940385,-0.002557746267089711,0.0028485667007938087,0.016126076819566793,0.006992809847952142,-0.004834734942951613,0.006035476186691424,0.013890434418398323,0.0035323565277218805
2022-12-14,0.008463252527359133,-0.009463679164925853,-0.012004962401528818,0.004611601414593602,-0.0005785487366687381,-0.015930658678265708,0.014187231272116962,0.009978533271473689,0.005782530795625185
2022-12-15,-0.01831853421201901,-0.007971450895147614,-0.014049306997165,-0.0246296983120885,-0.018963411929189378,-0.016230974404781606,-0.015267810364761436,-0.01790283372589796,-0.012123491297997724
2022-12-16,0.004810630541242311,0.0030226851020529466,-0.0074823550171985165,-0.01187927155674362,-0.011066929020606464,4.305733708220849e-05,-0.020456211346589814,-0.019621310191917707,-0.013790605347170914
2022-12-19,0.003110450226181838,0.0175195669040622,0.004933455522693642,-0.009755560553220577,0.016114567963144477,0.017374390905658288,0.0018232589700521995,-0.01178921289533763,-0.001795918778352279
2022-12-20,-0.006900730192377802,-0.01602228976889364,0.003585376939307716,-3.302462374221715e-05,-0.0010280208570347948,0.0026840939513372852,0.0,0.01308536528805182,-0.0002569853873922723
2022-12-21,-0.009673186696852132,-0.0031219819121601766,-0.019182106701942425,0.0014925150397249176,-0.014699373014830708,0.008872356212257904,-0.018281083794680075,0.007583359159951897,0.0014139931676617756
2022-12-22,-0.003430918035625341,-0.0078200620469695,-0.0017932140507058714,0.008280715688727014,-0.00805592193166127,-0.0003740971828393169,0.0,-0.002707645024971228,-0.0019255415291664635
2022-12-23,-0.008932747479643566,-0.009167149983053013,-0.013192610098999524,-0.01639244915273952,-0.017295931753205873,-0.008561250805390386,-0.032693044295527995,-0.009617468461083467,-0.028553028260341895
2022-12-26,0.01990425087800718,-0.0013924100710149823,0.01627034718533049,0.003540313799773598,0.02418116802046888,-0.011684910782385316,0.040243856781361664,0.00760444538335836,0.00754668876061948
2022-12-27,0.0010126352087531654,-0.009245647812748281,0.00834080498935763,0.008286634984966845,-0.004333366047853393,-0.006106400007565016,0.008038934125463859,0.0020291737969162504,0.016031451429420196
2022-12-28,-0.0007970479130861019,-0.0037213720526579896,-0.0018876024774877598,-0.003102564212957293,0.0037519486067685293,0.003418338970647916,-0.0014121784442020502,-0.0007364931348794457,0.0031039601187949906
2022-12-29,0.007056103494499144,-0.006018687643749243,0.01012289593083815,0.004900175569720222,0.002840873950577638,-0.0017939981531193139,0.017885331421281236,0.00357681665984666,0.007607150203370994
2022-12-30,-0.008012065125648893,-0.002725632851348858,-0.01894165053331165,-0.006161460795085394,-0.01133141224840195,-0.010197839176553258,0.003105548130668989,-0.0036864147853281626,0.005118267286863931
2023-01-02,0.0003378146229791046,-0.0010348769130996693,0.013021286221931438,0.010476233593295525,0.003920957285074245,-0.0022673067150331683,-0.0024440639856414537,0.001458580028658174,0.0007637764766337263
2023-01-03,0.006539053868376943,-0.006390721445969083,-0.0012189048278389292,-0.0009513557058984379,-0.0052575927607873,0.008473337693796879,0.00032668063694596405,0.015299943626441381,0.010176968212721738
2023-01-04,-0.017872925000491313,-0.0023405244982880324,-0.0024962981246399174,-0.018226111306299586,-0.012382852613213258,-0.010513401450240045,-0.011757083777863109,0.0009965139230720954,-0.018511597847387873
2023-01-05,-0.0064283926426362825,0.018768835200198453,-0.022188784459649114,-0.013112130410210754,0.019724680527821725,0.013119911686880759,-0.00016528291102657633,-0.0010709600520023566,-0.007185015943949269
2023-01-06,-0.00331309755114495,-0.0028059631459014245,-0.010294036668463735,-0.018099153540053314,0.004798329192521766,0.00552439796098847,-0.007354065725216019,-0.03006552282762376,-0.01266479564161227
2023-01-09,0.0019443286648177516,0.018475096008687686,0.0037351625213701833,0.02481866464291116,0.008953849783971624,0.010080367459418538,0.011737275333617792,0.03375309516583491,0.0256545002866424
2023-01-10,-0.01827857418275758,0.007545692717043195,-0.013740262846740015,-0.009902596936813945,-0.013755426595697395,-0.003074291039213972,-0.02065161742578181,-0.010105663199787562,0.003190313081243623
2023-01-11,0.014410424649934583,-0.019138868015685873,0.005746833058718481,0.0010205218254382142,-0.004799049252287357,-0.013266731757226924,0.0026042787724442906,0.012871367533335842,0.002035460209798279
2023-01-12,0.005342940047444511,-0.001233892505632328,-0.006521977858934602,0.0063552711369150305,-0.005876950654601254,0.005817845803726351,-0.003016499411430562,0.0016974945886853998,0.0016504208510890184
2023-01-13,0.0007815973518165986,0.013107768088201022,0.01487250930581041,0.015568000023013395,-0.0033346643930335373,-0.004473252557483209,0.008740806423600533,0.012056117487868168,-0.0015209424305133723
2023-01-16,-0.009589933122000627,-0.010251493153973334,-0.009388057990375676,0.014531270677347274,0.004410475777120393,-0.002464073860558136,0.004832649950015311,0.010456020927328336,0.01193192045906688
2023-01-17,0.014886734188230832,0.027126349608421307,-0.00011558674622658138,0.009177274442935701,0.0062083561129187,0.010648148237016875,-0.016666720178257766,0.013302217909511915,-0.005644826934612879
2023-01-18,0.017651887629510865,0.006991376670353766,0.005028062486521545,0.0038323842216123616,0.007223489298462171,-0.006136706697594696,-0.0025295928184900784,0.0034336699714960783,0.01728286792231115
2023-01-19,0.00415314198784178,-0.013569365326089655,-0.0038527617741579423,-0.004206013803063291,-0.007470370557464467,-0.007175679743152363,-0.0027053514981999482,-0.004985347324746425,0.0004958522160853907
2023-01-20,0.010248755052007619,-0.038116875891754276,0.0048490210537779355,-0.008674942511715855,0.007375967626049196,-0.02444232835886395,0.003984024514650075,-0.002964499667882814,-0.0006197310396474087
2023-01-23,0.007315171353029948,0.018695419404657132,0.0015510977624206834,0.01471597998956864,0.009414257088184774,0.008700486002836794,0.01393125291371855,0.01540230041112367,0.009549808753150257
2023-01-24,0.013388294974792991,0.0015792150816231754,-0.0010898414208622142,0.0025192834813849707,0.0035530368273481994,-0.003944845065999791,-0.01015911318872642,0.006266723746657155,0.0014779270803058076
2023-01-25,-0.02763198511131726,0.008402290258663792,-0.01774337776684043,-0.005734849532886721,0.0008851143629091673,-0.002861309369469156,-0.04315640386573594,-0.0019062248612975452,-0.01242003333266739
2023-01-27,-0.019925361547316833,-0.003889590822285016,-0.044545676122803024,-0.015456935276218497,0.019896772491720283,-0.0009956991338199161,-0.05055385811268942,-0.00545219190638091,-0.008716320849914583
2023-01-30,-0.0010211897661523972,-0.016844474999165637,0.007709137054089155,0.012934903527276331,-0.003468214221559851,-0.0026254249591223244,-0.0032410913612470615,0.006625566168225072,0.01055153937301867
2023-01-31,-0.006597917890464267,0.0033487538118051052,0.01020046772587424,-0.003281847771462565,0.02189669929487814,-0.007729719607990626,0.028428247040677812,-0.021828216752299734,-0.008452562128148378
2023-02-01,0.014998517535951716,-0.0009702107655755743,0.01929317116774243,0.01131219481207868,0.025684773666668326,0.0037910828742775404,-0.04724496297837932,0.014782587733355168,0.008900640475080435
2023-02-02,-0.014869008848611198,0.023540840630507986,0.01173415899231478,0.02104958124030709,0.047592578917228234,-0.007084857345332707,0.001422131479059674,0.015271264926810524,0.017519946509327422
2023-02-03,0.03458380399771066,0.005275371824774222,0.006877242640537462,0.009881598980206796,0.0054146838397504116,0.0026221067086438232,0.030486763178714238,0.006328702186446211,-0.003785674912427761
2023-02-06,-0.004250034277553438,-0.004209486058232015,-0.011692482496937329,-0.01847565140627061,0.007224509642915988,0.000905084353383323,0.0022052416350000215,-0.006418268673683336,-0.007967562193591071
2023-02-07,0.001483163259389686,-0.01380041985290481,-0.0011128203809437354,-0.004745705862383431,-0.026473576191812342,-0.0022869874866618956,0.0031167053513618814,0.003641763977940249,-0.010255679255126937
2023-02-08,-0.00012085142590112508,-0.007073619869163883,0.007446431010200039,0.01798520915699564,0.0061621246060499235,0.0008905022278191677,0.004843721763731379,0.013693235921701241,0.015605402367586452
2023-02-09,-0.0020857826727498363,0.0015099315023003879,0.0019788957585480382,0.01666139731227778,-0.0034616674253590274,0.00028427106775374966,0.0019100477952160855,0.005894598873839918,0.0038106438310907542
2023-02-10,0.003968326855611215,-0.0035565860762437618,-0.008073971967108906,-0.005225746469065151,-0.007748916945945705,0.0012395109295288975,0.004084989336730738,-0.0009319051019217595,-0.006122993960186562
2023-02-13,0.0007543057007950438,0.0013577196474552355,-0.0037476467787422862,-0.025550985506332613,0.007674605855097827,0.00015506235783591116,-0.028116853997615543,-0.015589938884143728,-0.012814183129290613
2023-02-14,0.009256189016533689,-0.0005422715461245176,0.017222070714560944,0.016459840936379644,0.03273679733363455,0.002948515531341789,0.006232518523641373,0.005082828756536095,0.011233217199530188
2023-02-15,-0.0020313714754912615,-0.012075638027240432,0.00635625334081702,0.002385078082694614,0.0052102248475418556,0.009330207007578029,0.0025886183720014166,0.005870942267765633,0.005677597385235211
2023-02-16,-0.0036220363250130116,-0.008377643140337843,-0.0015502961716432617,0.002974212105069096,0.0009158131515250023,0.01910086002025624,-0.003964929151363483,0.010623145995757977,0.006136440259237874
2023-02-17,-0.005017287679905169,-0.004590033149615591,-0.00782106676847294,-0.011237280833138352,0.002221897629528735,-0.0309518725646154,-0.016848695290595628,-0.015991797096468807,-0.008782554725016656
2023-02-20,-0.00939076359274138,-0.0016101101216062785,-0.012229741208017786,0.0054615160942781404,0.0016953801997166007,-0.010422503999399368,-0.011016946629150537,-0.003955804657313267,0.001845883946992588
2023-02-21,0.0037491819471047183,0.0018714259215855122,0.0024644141213996384,-0.00813222861980123,-0.004686931583422704,0.0013626824395771564,-0.0032371942653274255,-0.01040920339194129,-0.010563819976560973
2023-02-22,-0.019617331263293458,-0.008783300923139503,-0.017501670926235002,-0.011205910329796565,0.004185749011887063,-0.009260625238590392,-0.013563995684681918,-0.014328981961039933,-0.018870311897901337
2023-02-23,-0.0067834827934436515,-0.0013632270410630642,0.0005957635946858275,-0.007107226777087972,0.009769367441133214,-0.001400191236396009,0.00900565191989866,0.003601036497896448,-0.0030366854388539366
2023-02-24,-0.008919431740087469,-0.0025898455931302466,-5.958557635787898e-05,-3.227308246389615e-05,-0.006449930616111987,0.0017641712343117177,9.58734589255883e-05,-0.00391051873394932,-0.0016499228578455982
2023-02-27,0.002485947292808266,-0.006460742903405259,0.019888169085339635,-0.026666151654048842,-0.007530472278272082,-0.0031127550356153666,0.012762828642435053,-0.020173721037548442,-0.007500754654407249
2023-02-28,0.004206074559754969,-0.0030385975568526513,-0.0018099991002223925,-0.014410733280573962,-0.01439042361844245,0.0025372139862014365,-0.009285600769919244,-0.005702585313299147,-0.008453990400479228
2023-03-01,-0.0009688058320255211,0.002275804435543982,0.0016962150106722973,0.005714056654530397,0.005309343945570477,0.005830218344037519,0.026587533553589227,0.021989997757103863,0.010076271867914821
2023-03-02,-0.008510533250389973,-0.0044196362922873655,-0.002685989409431433,-0.015975289644540425,-0.0083178407180039,-0.015820973226019497,-0.00549653576899678,-0.01897674132689464,-0.0074178294447497795
2023-03-03,0.019849193046862057,0.006373820942401354,0.01703755095888737,0.0048568671249613615,0.025029863866751878,-0.001723398002722254,0.05142854448322054,0.0062320384513911975,0.006184828891501182
2023-03-06,0.00705486381014464,0.005605030434958191,-0.0009211805859606903,0.019029270908116125,0.008312689121146688,0.0035203695340810803,0.0008909783155794937,0.00888673828936204,0.008451741042444727
2023-03-08,0.0019972340234140074,0.00010069235858156667,0.0050129972200709805,-0.009784793523718527,0.010949390579623852,0.00018360597775224363,0.005518964287696271,0.005501252474776397,-0.002920628165812511
2023-03-09,9.195320748656144e-05,-0.009537097402160022,-0.018518448127539555,-0.00824017085969131,-0.012487114994223725,0.0009422740213047565,-0.010446028339402336,-0.015794586207695693,-0.006367767932303647
2023-03-10,-0.025786380446229162,0.0016453949167871684,-0.015538385352161344,-0.005978024175349095,0.0012902274856994023,-0.0026947185179361233,-0.020665738998138727,-0.0017530897650218646,-0.002563413777017187
2023-03-13,-0.012652299001089773,-0.004197804770848079,-0.016910902433138864,-0.024769910475063384,-0.011211463558228663,-0.009104442253006217,-0.031698187821016854,-0.014725324521781546,-0.00938074537010214
2023-03-14,-0.002677753346180811,-0.005152465316126342,0.0023539401183969577,-0.010521922526864014,-0.010295713274098284,-0.0028823529817290083,-0.008679163195628448,-0.020414622630864465,-0.01556611614876946
2023-03-15,-0.014350887145308522,-0.014882678892761514,-0.0053591582083432066,-0.0002463300755525255,-0.0007901511268880723,-0.01485387556434381,-0.01494106239748283,-0.004992479737816802,-0.009751119132053065
2023-03-16,0.006485461391291691,0.022131315552609054,-0.0024215744899214187,-0.010953419768865214,0.005403262627068139,0.025414949043635726,0.013428649664662506,-0.00434525603118896,-0.0077177257458874715
2023-03-17,0.013370736280613693,-0.004859118700669018,0.014989611814048676,0.01182246350537075,-0.015467141612929725,0.02208590628206486,0.010104861034167856,-0.001789495933918528,0.009789238461561434
2023-03-20,-0.006931086460365221,0.026068505064651415,0.00023919027137320192,-0.012001080769939887,0.008653807465151653,0.004226283271333786,-0.020007548570397327,-0.011323175846474354,-0.024833883451827354
2023-03-21,0.01133351326646781,-0.019353174689179964,0.019068656690525376,-0.009225970516720694,-0.0048838021853185865,-0.0005517175894088622,0.005103943637795094,-0.011834761288003648,-0.0020427146672031826
2023-03-22,-0.002310882712382334,0.005583403032037637,0.00915065234022272,-0.0010426397947490562,0.002122347757668841,-0.005690218166172323,-0.0005749221647644021,0.007952084426583905,0.0
2023-03-23,-0.00802761386472961,0.0035335170071923994,-0.005521984761753473,-0.01058118329096247,0.007676900723125879,0.011942301677869915,-0.016872703056289295,-0.0019644513001262354,-0.013373385580763508
2023-03-24,-0.001599445590447779,-0.0017304886419556853,-0.0035653803932739203,0.004437722998509752,-0.00512270001674342,-0.004796627859019353,-0.014431984882641635,-0.0013281558505464641,0.0006915770375124364
2023-03-27,0.004357120157095995,0.007336340944066988,-0.004340667718496172,0.006011681126681934,0.003960907681144432,-0.0032765933716177864,0.009498333277356608,0.0005768695964201154,-0.0013821079920113277
2023-03-28,0.008134229597884346,-0.006482552567520838,0.007128516853140976,-0.008171662211768793,-0.0011834818510754186,0.0029115551291358788,-0.004018398447061755,-0.0020497204292884152,-0.01397919769236533
2023-03-29,0.004809579117877494,0.019353156325143228,-0.004387273715798945,0.0043190100305727785,0.007899817789700503,0.00564490688323116,0.01653218280457125,0.0073813869670327215,0.008000992121191208
2023-03-31,0.01369819129390537,0.01165626201379677,0.030846099944333183,0.03209146070630409,0.0019595442954645215,0.03419669112127943,0.014036764197367546,0.02134507090793525,0.017267742601434044
2023-04-03,0.0006213348122214857,-0.009471385410622979,0.007466548368899595,-0.011975196167310798,-0.0119949535728332,4.8385311654852714e-05,0.005727933949694286,-0.001840430547801808,0.007392312602285234
2023-04-05,0.026823043319541107,0.018394343362839072,0.0009050733149016388,0.009001715870424087,0.019794274485301022,0.005917013016108585,-0.007119062904300755,0.012437640489332491,0.004891837987248682
2023-04-06,0.007619086189819546,-0.006775697971095673,-0.010852260771585631,-0.0011592023961960463,0.0024586676230491378,-0.005741034415691071,0.008890957792212717,-0.005895582209535122,-0.008383932545951822
2023-04-10,-0.00474087988276406,-0.012903269271319129,-0.007485676376058237,0.004008841430223953,0.00309800098083568,-0.009034220805183346,-0.002558466747209498,0.013258192694657778,0.018137219178619768
2023-04-11,0.002924436865205493,0.006160843038926833,0.015487367634360982,-0.015025201587997028,0.019173695257729717,0.007393563794995561,0.011020300682963446,-0.015198903061581448,-0.008170486007055167
2023-04-12,0.012986264224639221,-0.0073790479141008225,0.009354771676819196,0.015752198601417966,-0.006186842611109911,-0.011908680178831732,-0.007329468349904555,0.008665666304485509,0.005131702205482869
2023-04-13,0.004480897519579807,0.002866709824728364,0.0099420511932653,-0.02737524615663889,0.0052090793903083465,0.0012885610183042129,0.008992867614038946,-0.016288091800382154,-0.010345309145536219
2023-04-17,-0.015244092325871539,0.006170735723416643,0.002558482125898598,-0.09422681868304061,0.011501492499662591,0.04002237110196494,0.020733715271733733,-0.015475645201491028,-0.0188704817235974
2023-04-18,-0.004230092236392924,-0.004232162983104248,-0.004937356611386168,0.0008342726437271519,-0.00412355689437538,0.02059089458817054,0.003400542236122517,-0.0027869859930278462,0.018126515343168448
2023-04-19,0.0036755798082115376,-0.003718944967106008,-0.005519286153447878,-0.02155875662451856,0.0006274840500410939,-0.0020594005814972283,-0.010167526128185833,-0.013143752168579215,-0.019298743304854704
2023-04-20,0.0037222040766655695,-0.015405400861680296,0.002803044716245706,-0.007141553201946538,0.0038872337460984507,-0.007061487903315178,0.008328750708893384,0.004919479661596782,0.005681879834516845
2023-04-21,0.0016149046174436243,0.002146254072605158,-0.009783128769015437,0.0032288400981077547,0.019859860281083996,0.006172867300500151,-0.003028571415033543,0.018052903460687775,0.01433097653160642
2023-04-24,0.008091425074024938,0.0007205634645204295,0.021566074679067793,-0.0008556357113065349,0.0011023407729995327,0.009389344128887478,0.021080592136726084,0.0044130163363489405,0.026898552543741072
2023-04-25,-0.014216757022793791,-0.0037203337589487573,0.009615978211027665,-0.0011416075240596735,0.006973457705754305,-0.001164959674612942,0.012982282902221698,0.00037819727415344673,-0.006085619224272643
2023-04-26,0.004596986397161329,0.008171403619177342,0.0016420397226943884,0.002163361913746664,0.0017007443239303033,0.017471366768037067,0.00809903696069414,0.0069741530555698095,-0.002928213435458904
2023-04-27,0.0055029926653067385,-0.01666812719702382,0.0037159964009680913,0.015233583603093015,0.009096439617068519,0.00575697253891172,-0.002825135904044096,-0.0031892549119605373,-0.00040059328571162567
2023-04-28,0.003926250688288002,-0.004718721233441081,-0.000762187594860575,0.005215732638699677,0.02295675989873902,0.02903928187639604,0.023992842930714353,0.009818129977868129,0.02831218156562043
2023-05-02,-0.000207454626441117,-0.00227880243468348,0.004849318538073577,0.019716435725027237,-0.0025848994438857353,-0.000714473533934834,-0.005187572724611678,4.667344118747252e-05,0.008701289236813237
2023-05-03,0.0034969372290971634,0.013990320244979815,0.0008134199091034411,-0.006497237126962152,0.006361188653594363,0.005971338683716798,-0.008343443215553914,-0.012269429737362003,-0.008368825808827696
2023-05-04,0.02046484127652448,0.008346855664920438,-0.0012461126753976481,0.003467026593926059,-0.005969791156725912,-0.008317625899941783,0.01665206098482086,0.01283048467927883,-0.003635341165132311
2023-05-05,-0.05912152017872363,-0.0023936516678078057,0.005696002775188003,-0.01134640264397535,0.0097739019956109,0.015032198283646325,-0.006034465684859658,0.003105189201165315,-0.011206678925898106
2023-05-08,0.011564612686249642,0.006218189604808355,0.01181290150758052,0.005162608368315835,0.006297473714167445,-0.0016624497710094888,0.012315602352588328,0.006159600556945755,0.00250388421079073
2023-05-09,3.0391987993150238e-05,-0.00019886770469457193,-0.0037317008581417843,0.004029619533495454,-0.01773104384450397,-0.0005411644500911139,-0.017306345560516134,0.010044339250596224,0.00512684150708731
2023-05-10,0.004621447282649349,0.002742767080930353,0.0017657395914640883,-0.00586305133830789,0.0036573001461115417,0.003579749856715164,-0.0022666576493984847,0.0010811052063086635,0.0037927909322563735
2023-05-11,0.0006659116136504828,0.027629028102134523,0.0033652890123354595,-0.005659928866838415,-0.011637435040329658,-0.0013696714532227539,0.002184512282735751,-0.0014145560188898454,0.0023453419283578913
2023-05-12,0.008831402684462919,0.011958106925268552,0.005004164865265892,-0.00867766694704597,0.00011902661482254828,-0.010247480441603063,0.00819603778084299,-0.0023919106782760435,-0.0036395940950552097
2023-05-15,0.004796766783873085,0.014809002761435375,0.0019600118876950123,0.010560621062601694,0.017481279106076775,-0.0003464952723861714,0.006486091521232806,-0.005879027415111371,0.006523119669979316
2023-05-16,-0.005734045734754223,0.005127385791889871,0.0006344235171467094,0.00472852097588361,-0.008999647359743568,-0.0002845591098594724,0.007561428287039318,0.0009523988168005371,0.0031108526486649524
2023-05-17,-0.005372454062468779,-0.0052881399587756395,-0.007396892892570617,-0.013762652488629401,0.00860967418062697,-0.0021992399982231348,0.0,-0.015177439766231648,-0.012017149289029638
2023-05-18,0.003997697930977484,-0.012848588686427465,0.007611684504346572,-0.000721704970082504,-0.018475305623795624,-0.002434197684927808,-0.020637875970212383,-0.0027582366942525693,0.0007848595581847473
2023-05-19,0.0011550661210744106,0.005290126445488097,0.008240904445672825,0.018378792849266246,0.0003575067479397731,0.00048661332312049943,0.001654509693734152,0.007188064840670583,0.00940922300661784
2023-05-22,-0.003552046203557424,-0.0012682106930853587,-0.004139206697710174,0.018835076698376696,0.011670868117378053,-0.009006425663447004,0.0034773599083774975,0.023534859799212215,0.024728066871207766
2023-05-23,-0.002346184170375465,-0.003714815801631355,0.003209414757147755,0.005607979866044666,0.0103589041093608,-0.004238180333398178,0.007710317053872817,-0.0004999961371616735,0.004801042943687772
2023-05-24,-0.01307105232235617,-0.005079282142517849,-0.013373177309323192,-0.0010768458184688967,0.010136427487361876,-0.0010792299426665153,0.0018912210570443122,0.0019108070502757979,0.005155261274975231
2023-05-25,-0.0038371917397499455,-0.006768907709330252,-0.0008505729165800835,0.004389202837746575,0.017647031452310724,0.004410441382643571,-0.002488368031270949,-0.0029817701688777953,-0.014010451416227143
2023-05-26,0.003851972496796474,0.021214799083449254,0.011544417945303698,0.010043244083862701,0.005553481924070125,0.004975708898093512,0.008172210531598445,0.010748307884464792,0.019284490923496822
2023-05-29,0.012192023043485545,-0.0007729510694158837,-0.0026821789932930384,-0.0023150807176659516,0.012398523431820463,0.006843823197760335,0.01535822195360792,-0.002568369981801988,-0.004730010368191873
2023-05-30,0.0007643441431899323,0.0023582148848615425,0.0018983868922777258,0.007189707417388336,0.024283132643095673,-0.007133150013340139,-0.0036974747624841653,-0.001249874776666715,0.006753400548814348
2023-05-31,-0.015824045180777846,0.004140810068908873,-0.0008421800315039363,-0.004192343067140669,-0.009780002449443326,0.004572439887936541,-0.0028375577908135163,-0.008051460052097226,0.002857217428491321
2023-06-01,-0.004252418372695743,0.011377353033578785,-0.013749101904802052,0.000910189579919507,-0.013019138122941087,0.009283326455549856,0.0050013914285598204,0.010487884338875597,0.008670812228610325
2023-06-02,0.001558631031730151,0.006968468219109569,0.002189953474847295,-0.0023040193997202474,0.008414878775179435,0.007869882646232673,0.0076362272746333115,-0.0055353230840542444,-0.005403331985278204
2023-06-05,-0.0013071813789299336,-0.007693116936706712,0.009166958680216108,0.004233975660377753,-0.006202137089585391,-0.009629482797867461,0.0,-0.005052243835995118,-0.0018521181652839669
2023-06-06,-0.003116484774013828,-0.0017249830807558597,-0.00491160550293257,-0.0195476885615129,0.004879193616645017,-0.005896777731049241,-0.003150578437964735,-0.017209371403111406,-0.010514649512490037
2023-06-07,0.005189365337373131,0.009308364953083403,-0.0020166697914337783,0.007779391774149769,0.002597131157663801,0.030515303499728974,0.006577276044978264,0.013179401723230288,0.007125856828487986
2023-06-08,0.0006220176461428917,-0.013364318488036875,-0.0024463015098376006,-0.004771157165330497,-0.00236509682458641,-0.009784167909250518,-0.0011880932811165756,-0.011740743400730946,-0.008068523444091591
2023-06-09,0.0011811300462301055,-0.016306598745364886,0.00015985001174034785,-0.013135489276729584,-0.01004741720119573,-0.0034062798221091706,-0.016652445942963112,-0.008388806623706446,-0.005631287175150712
2023-06-12,-0.006084703236399647,0.0027501800870406434,-0.002238609323133689,0.02053800491064628,-0.00342112664704719,0.009780845176957875,-8.630981877566501e-05,0.011715951173472794,-0.004278854843214219
2023-06-13,0.0016867022292124112,0.012275758635814205,0.0081200176689189,0.009984930401714998,0.01933858282685308,0.009118663715917297,-0.00388843432836683,-0.000985367634025347,-0.00012642585770827885
2023-06-14,-0.0010913428295437066,0.008539065424236325,-0.003974309606639803,-0.0034102829461897244,-0.0020206150446652194,0.010499089993955657,0.00026018230993130054,0.002265831109731886,0.002275375818067582
2023-06-15,-0.012299045836445921,-0.0033533880306269026,-0.014045550272453466,-0.010458357050604383,0.008098902650198081,0.010447166453902978,-0.017431193970083858,-0.003331209751080366,-0.018917870019909855
2023-06-16,0.013084298398007954,0.00964797973966447,0.008202089284653491,0.0037689026897025357,0.01115822333500982,0.00010230933506472084,0.008384729607472163,-0.012871988953453761,-0.0196684189949331
2023-06-19,0.0008735453853541131,-0.0038609158448004166,-0.011828348548431289,0.0018195704024275283,0.0011035549640190379,-0.007562457562380942,-0.004201333783845684,0.011181461756889277,-0.0030159910241560617
2023-06-20,0.002088221596812989,-0.002664715377198479,0.0025998204137394065,0.007264250351733281,-0.0016534695582672843,0.0070496802585360285,-0.0025488852577636445,0.005388719008586618,0.006181793527701318
2023-06-21,0.017480526179714184,0.00018691181338104101,-0.0009183764698837971,-0.00310725109897958,-0.012807754141379912,-0.0027857473776951025,-0.0018507227223966138,0.009449535262601172,0.007843126551338342
2023-06-22,0.00489118154264645,-0.008312914683867856,0.0011355317475074678,-0.013699175680195519,0.001342156448091547,-0.01566954084659955,-0.006003198829651724,-0.006046349577705001,-0.008300958733863606
2023-06-23,-6.08126121542929e-05,-0.004803330638255332,-0.002430503077112567,-0.012914131183567545,-0.006478342935903991,0.00017531871593101656,-0.014832632195657336,-0.006839595660035336,-0.006147028252213249
2023-06-26,-0.004837147731822533,0.003974764824638877,0.004277187311654496,0.004229209337712092,0.0021359411732524425,0.004168776459760215,0.004417524998892697,-0.008301412543590292,0.0025004316936929616
2023-06-27,0.01409308303568424,-0.0002828566671110311,0.009326669467630389,0.006927329158705531,-0.0013461442886518737,0.00028493745756064115,0.016246397944244206,0.002414109994590463,0.0044631703224355945
2023-06-28,0.010581271266300929,0.0037339538126106575,0.0014421514462137353,0.011101112945096858,0.009548462949794168,0.004720110931876409,0.006535905320790736,0.005660921600574964,-0.002352391023377476
2023-06-30,0.015064212516137765,0.006350469300585138,-0.00304020946734318,0.03258979471721468,0.00500732497469758,0.006603893456434307,0.005352689332261962,0.026994703332795522,0.01951788218943684
2023-07-03,0.01081469631135712,0.008550664963616006,0.008506315356587413,-0.0013477741026362011,0.025797000150981075,-0.011433164012886854,0.02199539731961564,-0.009069433858198361,0.006295867985045556
2023-07-04,0.004884185183532397,-0.00038874702401081596,0.0022811410828293965,0.008585105554326233,0.00669187526042081,-0.00037540892758181066,0.0064907295142262456,0.011169379834286897,0.011108233145845414
2023-07-05,-0.03176709452242499,0.02068532885304397,0.014078563286466617,0.0015984036076996944,0.01876273224365721,0.012192653883825955,0.0022910055070077817,0.003354535001147907,-0.005177395098320603
2023-07-06,0.0010159144440400336,0.0004534322144835734,0.0014614142630218208,-0.0025235744334068944,-0.002525757871238765,0.008714120698823935,0.0032171190952536843,0.0008884723529849481,0.005839031796459393
2023-07-07,-0.008716392235104897,-0.02139927899463101,-0.013550248926693875,-0.010194303937317017,-0.01160579473219181,-0.008365885282095031,0.0018565135943997557,0.001911208160155553,-0.0008833114090616156
2023-07-10,-0.00237896414718175,-0.015399796538113408,0.002113314695471047,-0.0007893752364053208,-0.005444017418254732,-0.014229723836611363,-0.001684679991319049,-0.017211118585385043,-0.014904707258046157
2023-07-11,-0.004859823358026594,0.010521266069193791,-0.003637692692886496,0.014633505753009812,0.015670320434790774,0.012048140477242342,-0.0068342702288566315,0.00013755339858367854,0.005385231412597724
2023-07-12,-0.009372639864748566,-0.004041817678072546,-0.0005820747968099393,-0.011345041074219964,-0.0017964790210839299,0.009090872101967573,0.0011894054500110052,-0.003819883298611493,-0.0005101161525326026
2023-07-13,0.004990893880414182,-0.0070876269545520065,0.011965245909890676,0.02385048741768503,-0.0006352011505729172,-0.010377280767752017,-0.006109491262486388,0.02474007106467524,0.006252403577764243
2023-07-14,0.0020717719071672303,0.008362410508415907,0.004551667105587631,0.04457544957448989,0.0019066680070978226,0.013903976744593205,-0.002134301099351532,0.0521170385062093,0.027263482041003817
2023-07-17,0.02091823151829897,0.0017931484163167255,0.009009967461364177,-0.0021039277493360986,-0.0011630336654735451,-0.0029085509442798863,0.028576204131775862,-0.006529671495138278,0.025182155718824983
2023-07-18,-0.0008339239423119649,0.0004102519481243849,0.006968026264382088,0.03671956604426119,0.00031764026767078235,-0.004057053637503749,-0.01455663094980697,0.0014750647199173184,0.004695951849090996
2023-07-19,0.0045306017846094004,-0.004174747541023649,-0.002050313734678233,-0.00016942202251257754,0.013439131944691152,-0.0015755785542825862,0.015362651006844086,-0.007664223400944525,0.0017977355523104421
2023-07-20,0.0021660743855471676,0.011846802815084434,0.022754121356598933,-0.01725485719435005,0.027774858517888745,0.002920614111094677,0.014298707095853125,0.0006502499623730618,-0.0007178350233081332
2023-07-21,-0.007698062989687671,-0.03671512206793526,0.0014062223580308952,-0.08133836941441508,-0.0034541778695197367,-0.0011040281079351955,0.008277929737216194,-0.02743063948010771,-0.031006721297043294
2023-07-24,0.001581401976352037,-0.009120452362646692,-0.005015053755885734,0.003754836682357654,-0.03894393095503146,-0.007068428299255913,0.004145739594406672,0.007852678418855508,-0.0016063379002634326
2023-07-25,0.010843643115593382,-0.004689509511792478,0.0027217700685620017,-0.0014964145106516336,-0.0192001084397605,-0.0020680969939692595,-0.013033318529926397,0.001296169456156182,-0.009033494346687987
2023-07-26,-0.003477560509708044,0.005899144582690807,0.0017593683377208347,0.01067747686326892,0.021522867691307068,0.0011853853528656089,0.009104428013624766,-0.003192001894649521,0.005869153030153562
2023-07-27,-0.010380299439160745,-0.0052063184562983755,-0.006222108958934269,0.003187940799196376,-0.015246148923393044,-0.020816015035754254,0.002275741586733382,0.0025381671395705574,-0.00695221590946371
2023-07-28,-0.017721071348852147,0.005739529557496903,0.0060086072208893615,-0.009348629967930733,0.007310927959592206,0.0069700126577076915,-0.0008109340773637674,-0.012217070846198275,-0.0030003221302328242
2023-07-31,0.004685068802171344,-0.0092083115056526,0.002107937394497883,0.011339133713110572,-0.0058704829140102666,0.0032202691844562814,0.006736585401944772,0.01968472914121011,0.01579931855349548
2023-08-01,0.006692168381190466,-0.003788054768833593,-0.0037563454702564947,0.007007366390623604,-0.0019323874710004407,0.0017913802486204666,-0.013463549468232472,0.00894361708853153,0.004690810295232328
2023-08-02,-0.013084566375599294,0.0069969492274382095,-0.007641639976059378,-0.00611635328429061,-0.010112011914180652,0.012773502814735327,-0.021900764624047997,-0.0033025138299476176,-0.01019787667964045
2023-08-03,-0.007223465702508425,-0.006870349357708028,-0.02224021036878987,0.005490758169107046,-0.008802446474714842,-0.01776474252446092,-0.013284225429228691,-0.011829048343527604,-0.00782019140358059
2023-08-04,0.014459798873086793,-0.0020773789825205835,0.005699484988482828,0.010298227630906043,-0.0024120102354475703,-0.000947806783823335,-0.029127928879062237,0.012823675257552347,0.02302017123187583
2023-08-07,-0.0005750542149515203,0.009112364253387906,0.005306472674739826,0.010628705556547047,-0.00010977742569884263,0.0002138701328178172,-0.009418978236307884,0.011761003764406475,0.005625521921605037
2023-08-08,-0.0008174326493369799,-0.001304066996080877,0.004356151667493702,-0.0020100075161967323,-0.005605730539035125,-0.010242871401014209,0.00915628827660675,-0.003860355229022172,0.012647440196097426
2023-08-09,0.0003636344011825887,-0.005319902634145057,0.0008230775235624765,0.003021036439020186,0.01392729633782297,-0.00048814694873677844,0.0011343171077420333,-0.002333867646327148,0.0034826081164736067
2023-08-10,-0.008876171039039593,-0.006073051450715461,-0.008841364755181047,-0.003800854226776118,-0.015044126847887918,-0.010291154807411829,-0.00017421923797455996,-0.00589162232528484,0.0020344141062289545
2023-08-11,-0.010422693526551674,-0.013758044168237782,-0.011668947504020921,-0.01241820134818572,-0.006640963451486792,-0.006700843425168079,0.0008715790412276991,0.0019463708441573857,-0.013376275317468989
2023-08-14,-0.004880120464053395,0.012510955459219097,0.0070315698298824,0.015818175847735372,0.0010028812300322265,0.002614086267493043,-0.023251821577372933,0.0003045227341538226,0.005084139314642799
2023-08-16,-0.002917690728519662,0.007698146519920845,-0.003178617471431333,0.01790386156656698,0.0023374549240344766,0.002210115420581138,0.00811335533875246,0.002478331644213849,0.008430624071604997
2023-08-17,-0.005541001710545279,-0.0036629048988847668,-0.005070510777105408,-0.004899455927719454,-0.020544111711115365,-0.012777806338798658,0.012027969898106505,-0.006549355179462979,-0.0026274534282788586
2023-08-18,-0.004100687425927285,0.004521622572982942,-0.0010508210843469534,-0.016116981634158867,0.001473897765019938,0.007501734778342151,0.0013983154271213216,-0.019981152829075977,-0.014010256373393037
2023-08-21,-0.0007856885173113115,0.0031314398544322053,0.0047862001864362735,0.011952678389892668,0.013925154216075208,0.009361193163896608,-0.002181720308450541,0.01026100755464987,0.007044044335400512
2023-08-22,-0.004278213255802021,0.0011901420972357801,-0.003350065367287547,-0.001174113104920771,0.014403629810243235,-0.00038115271667116257,-0.005597442561159349,-0.005732388703130975,0.006029873479518333
2023-08-23,0.0024642189450490015,0.0032154770485179895,0.01559869534961722,0.002991969053202981,-0.008365312832725569,0.007136959361409012,0.014775910987978147,0.0047604323678629434,-0.004435383606124499
2023-08-24,-0.004601020051259508,0.0027970448733865005,0.0021720321031117873,0.011115404125535022,0.0009989425085958903,0.002783621043277895,8.657910801135316e-05,-0.0030899843377786285,-0.006140878241204573
2023-08-25,-0.01127076094590096,-0.006857137419690296,0.0014964860364357069,-0.0024585268323447096,-0.016744316215737354,-0.0025353812951152133,-0.012132753672929542,-0.0019037406537187884,-0.007269113567834107
2023-08-28,0.010406562204295033,-0.0030621050108098347,0.00015457757713521758,-0.003133517418156262,-0.0043982559049552394,-0.006942764466310591,0.005088042494801437,-0.0017006925658514804,-0.004027514220166339
2023-08-29,0.00795437094559337,-0.01156243777466126,-0.0028850021498814105,0.0014128545925009561,-0.0029452808347466553,0.0012958220857488545,0.003491406580230505,0.00017767788090239378,0.0001225684886410061
2023-08-30,-0.007294239776771683,0.002295865426715782,-0.009144858692481161,0.012344317959895879,0.006135004063080762,0.006141437234588931,-0.012959838091224363,0.004383629167906022,-0.002205322865631021
2023-08-31,-0.004592348262847601,-0.010624117515752984,-0.00015649610208900988,0.00020901659522221117,-0.00700092826706078,-0.009554806383908487,-0.01066274237879461,-0.010070717389316086,0.002946982831834033
2023-09-01,0.002068070433783209,-9.978621034234525e-05,0.010378111445382698,0.00585179062524066,0.003070331900627332,-0.003222518355690429,0.014607639317659071,0.006672890114543861,0.019466174448327322
2023-09-04,0.006255278667870234,-0.0013573096096969328,-0.0013936396825995345,0.014717557590759212,-0.008049017630620936,-0.008092202790916159,0.010534573561453708,0.011630075674979423,0.04263240790803735
2023-09-05,-0.0060900773954590814,0.002258745234955839,0.0010854547081100563,0.00941938180090851,0.012800025315254038,0.009947755526893642,-0.004430511874202958,0.0031739341760972373,-0.005183168013977668
2023-09-06,0.01308015563904874,0.006561551218267736,-0.011255643756777123,-0.0009807752422632543,0.009817143660563632,0.0022615867690192193,-0.004362949783156211,0.00016040564771957477,-0.005904903271154116
2023-09-07,0.009620829328551794,-0.006360307592634951,0.0085117377833277,-0.0076143372876649185,-0.0034640093198659017,-0.004899212000956554,0.014986871881503161,0.007390809471871096,0.008269399392064614
2023-09-08,0.007791000966858697,0.00253247013641289,0.005074308453865806,0.0023189280260742517,-0.00728866051399879,-0.0005958772456148287,0.0075986537684697986,-0.0038637031276408385,-0.0065843860854024605
2023-09-11,0.005174292864667196,0.008930567039709958,0.00793362807620479,0.004661085982272661,0.010278982638588507,0.011140889562393896,0.014139935680712368,0.011258316426666859,0.011279133905762295
2023-09-12,0.0031254073243371927,-0.01474597281354073,0.012522345023717518,0.01669551281851711,0.008832771193248767,0.008618485780906848,-0.005661591975299474,0.028773369169161622,0.00034504360874043627
2023-09-13,0.004276298072440454,0.003081286096502822,-0.0007067236070611438,-0.0018320118857227952,0.005208904312677953,-0.006181346444898206,0.013767383267539346,-0.0036163759862535283,0.0016091231092802971
2023-09-14,-0.0006083202556684819,-0.002294015542838257,-0.002121607580753193,0.0057396315682629595,-0.007828047029337482,0.013431313354596908,0.0014249816066354004,-0.0021863491372686727,0.0017213281452876927
2023-09-15,0.011473595204611664,-0.012436055660541512,0.004809156522471492,0.0030857448540633214,-0.0035558369162593806,0.006432958930800536,0.0025113133633667406,0.010744336368888607,0.010539556901467684
2023-09-18,-0.01967803624903397,0.007672825833255903,-0.002267085683824943,-0.013098704291835128,0.008252298425022175,0.008712631783110103,0.00860059475650532,0.0021815792989248184,-0.011223121481008458
2023-09-20,-0.04011542889563857,-0.008759584699271517,-0.0030802284679243286,-0.0010390273534823802,0.0019910437103958234,-0.00609787926569072,-0.004719009260666485,-2.7695042886133336e-05,-0.013758293237894792
2023-09-21,-0.006618881500535356,0.002634824741216013,-0.028212545789864985,0.007716822694625369,-0.012032251256476445,-0.006470243969027956,-0.021543750616750623,-0.005754314697430152,-0.0026738663584147115
2023-09-22,-0.015257309872588776,0.0036793092233480262,-0.00938190669879091,-0.0037289911373165063,-0.009832377485086807,-4.4497643353458294e-05,0.017002476868425376,0.0051181190386566655,-0.024361748223500568
2023-09-25,0.0008824966094715947,-0.00265856574526413,0.006366434265431931,-0.014704321635671813,-0.0011284602886958428,0.004715398698782014,-0.006854571990098091,-0.007353832451558073,-0.01051381314401656
2023-09-26,0.00434363495740242,0.00125185947221218,-0.007999145311730627,-0.009157799605000294,-0.00033883452652661017,0.016202209254929212,0.0005893032613193405,0.00239035634413165,-0.0028977996387539173
2023-09-27,-0.007023730925809102,0.009197620498220704,-0.005902831202411085,0.004347246716771336,0.015142972022009316,-0.005761470070591801,-0.007823106103811983,0.0010040271766071918,0.006660264936192428
2023-09-28,-0.0020630992304075946,-0.016548316358891757,-0.0005301738654542865,-0.018779717221418024,-0.01870202837252588,-0.014626674272434692,0.0003391999903821219,-0.014640740058674218,-0.02478052816095766
2023-09-29,0.0017063698906538693,0.002133893719613811,0.009866399025963313,-0.00277889724211533,0.008281281827903442,-0.0013998631244944715,0.01457743466766126,-0.0023043351284590674,0.0017269056749407152
2023-10-03,-0.011956944089647537,0.0013383150989587644,-0.012186192826510456,-0.0010101882531237116,-0.010463428234978922,-0.008515015164391015,0.00735109964539582,-0.004180160274981026,-0.001477664574881965
2023-10-04,0.014256823234369165,0.015776130946218547,-0.01090079614446382,0.007217680280585226,-0.008300270510428032,0.030066835084156862,-0.027697152821764992,0.006801584391068705,-0.0013565772956967148
2023-10-05,0.004053403552863211,0.004665535930625575,0.011612307388970455,0.013223929411756208,-0.00011468117443047543,-0.0029365114418993254,0.01006408768188316,0.014585590226419143,0.004692548172587019
2023-10-06,-0.0011068235829040374,-0.007997476747140353,0.004623543093034366,0.010420502275855892,0.013989294931502805,-0.00028135816829033544,0.0035463089340537213,0.008929083334523247,0.0025811255275993705
2023-10-09,-0.011603377942006055,0.004761051710283182,-0.006982680241077732,-0.0021978061018984585,-0.0038447893972517466,-0.001326791761146362,-0.015397582411565303,0.004680566045636825,-0.005516686727466857
2023-10-10,0.005671872244706666,0.001951125582760005,0.013424236924440613,0.013351895682918613,0.008967977346869604,0.0037672212652182235,0.01119470485742946,-0.002597269944584313,0.0053007521276606795
2023-10-11,0.009673047952621472,0.015976595074223887,0.001997439400993839,-0.0005015720021981362,0.008663422627484874,0.010187985649836806,-0.0055776492576758985,-0.00523573291388757,0.03286324047066991
2023-10-12,0.006657569107549888,0.00023459628671318455,0.0012066058317241612,-0.01933901996555254,0.00546574919169629,-0.00546952052042271,-0.003909221111472516,-0.018656969880529006,-0.009616443819135845
2023-10-13,-0.009097621555094415,0.004869132678612331,-0.0030914110611315326,-0.023439099824715814,-0.005214104822413468,0.02076712127665581,-0.016892731597237365,0.007988572343441858,-0.014505006731098447
2023-10-16,-0.00400462066590046,-0.004339596394931644,0.00010518598192343909,0.0020962833024606997,0.0013381876053335517,-0.018926398430042624,-0.0008679070518684551,-0.013106117547375562,-0.0020678219896792527
2023-10-17,0.007583701776545881,-0.0008403791637172642,0.002627677656934946,0.005787404617762171,0.010023341309584932,0.009379598668754152,0.0013898135617562701,-0.004824033491022006,0.002925430085624958
2023-10-18,-0.013917704580834522,-0.0030905881546304803,-0.01064061071800071,-0.001317224114297244,-0.0039694873235308625,-0.0026730671169218345,-0.006592067774631616,-0.005645765533461744,-0.009601366410213585
2023-10-19,-0.003158453614508727,-5.863584509613329e-05,-0.008476807853894819,-0.004789816782237222,-0.0027676296152001623,0.03737276164854486,-0.0025320816010140357,-0.0064975841223592345,-0.029819672712647405
2023-10-20,0.005181789366338396,-0.02078029607616838,-0.0032059628429443876,-0.00446411353817322,-0.026865016285623655,0.00610580217821588,-0.014180741419827392,0.011257025257510822,-0.008727528967139686
2023-10-23,-0.010999545154811607,-0.004669081633458694,-0.00300185139109721,-0.013032138604836097,-0.005475723356060946,-0.003375206525689123,-0.01802517554970684,-0.024151935577034878,-0.022202377022366937
2023-10-25,-0.0063410616844158385,-0.0024965217342033386,-0.014893347064617757,-0.014813173879138386,-0.007341215584230842,0.002684177342639593,0.005877575524996459,-0.005879531749894196,-0.0033928600926731445
2023-10-26,-0.02211829834876411,-0.0003632336866039587,-0.008132210259325201,-0.0077369413444565716,0.003813256114223895,-0.02955555990569314,-0.016540855671078214,-0.015736992704414532,-0.009427875123416918
2023-10-27,0.003929232676989969,0.0022814446394263665,0.004512182674750509,0.015373839503730835,-0.0013813203573950217,0.021717246319765682,0.02586851996601225,0.004255661815944833,0.010839510010538289
2023-10-30,0.010856613367967505,-0.0012691426700053299,0.01331140219417426,-0.00239072385617789,-0.007608050013676704,0.0047699820494992995,0.007217186956560484,0.008236498579855978,-0.0009154785241827224
2023-10-31,-0.005790840010005072,0.0020574430588131687,-0.01032544980170269,-0.006281603390210999,-0.00476251890944579,0.002610448134380494,0.0006192715422268513,-0.0029008053525158006,-0.000523536734044594
2023-11-01,-0.001354493683771829,-0.004730313424335941,-0.0014202415047620542,-0.01041351126176937,-0.0007001314867290942,-0.009217562769059828,0.001502950437111572,-0.011309915624438949,-0.002226239340596292
2023-11-02,0.0015258402838165264,0.013262809469866355,0.00645481106271828,0.011815500785756328,0.0071244187792247615,0.01001551878455298,0.01006349704510523,0.008842448158730365,0.007087482856800831
2023-11-03,0.00474022274919661,0.00902757655612274,0.01505517287699254,0.013794113051939894,0.00487070417739055,-0.00467609733685137,0.010575145387501594,-0.0027381528683042555,-0.0002606425497899689
2023-11-06,0.007245072230119387,-0.00472261279848718,0.01247594526065754,0.01025888694072985,0.004847095409530988,0.012104596540169599,-0.006572684515742,0.008758891336300145,0.0028679005829623794
2023-11-07,-0.004851164712528333,-0.00038036653706063905,0.0028028056664757273,0.0007125464536492654,-0.006087142000691492,0.0032914984521243973,0.009401868514040457,-0.0028991138171471365,-0.003509654029486331
2023-11-08,0.002891361003905857,0.009173068633143489,-0.01302603735261798,-0.00947098782313438,0.009822176028406515,-0.003608985339016102,0.0009486712923856278,0.0032931622142748918,-0.0028696860377070976
2023-11-09,-0.0039556359362032945,-0.016928953421106563,0.0017098159118753564,-0.011646220873845037,-0.005836015243122383,-0.00225682743548139,-0.0033602930588343405,-0.010084198037952796,-0.0035322366100020153
2023-11-10,0.003937663911053324,0.0039770803834593416,0.0013336315048619873,-0.004328068987299538,0.0049493938028362106,-0.003696252811688061,0.0019884069069064925,-0.004182229132434712,-0.004069960732687172
2023-11-13,-0.001810222827507646,-0.003378174086283159,-0.004421474073203591,0.003433688681103053,-0.0012597961239189104,-0.0021274776580169075,0.0031923320235045516,-0.0005699073953564504,0.006195560905984943
2023-11-15,0.010478219989719983,0.0033290518889736997,0.007116451599518792,0.026901077640280935,0.013646695607347104,0.003661859946019641,0.005762605481705707,0.02183658731149163,0.02620212725216131
2023-11-16,0.002625569424953955,0.0019305746991642447,-0.005419199765120286,0.024388519787871488,-0.007466967516220557,-0.003770560728538208,-8.553240021458297e-05,0.027480115308571085,0.013915569609044498
2023-11-17,-0.002154668892700551,0.01509306691168577,-0.015117532944815437,-0.005086773607930195,0.0013679373537240913,0.012047824038214694,-0.03694525328201814,0.0013149730736292664,-0.00428109160441692
2023-11-20,6.640861462203773e-05,-0.00883806831649836,-0.0004338488218215142,-0.0006609356713331849,-0.005577739408122007,-0.0028924265599303833,0.0012432724937823103,0.004896793115075182,0.012139638141799525
2023-11-21,0.008470743657106983,-0.00047880810526357287,0.005046329609155187,0.001670580029718538,-0.001259075106722296,0.0029174717780509063,-0.003991094319164223,-0.0026710441740446234,0.001124346512312524
2023-11-22,-0.0035574425475383142,0.006645998607597736,-0.0036173033583226655,0.013064655438836947,0.007908216797433587,-0.0009272914714094638,-0.004541485503876341,0.0056834221186783385,-0.0009984143118917377
2023-11-23,0.005784910380776331,-0.0007931246816170745,0.0002709330578196667,-0.005864992833187421,0.0014782554759211752,0.0017432351139878843,0.0017891154235973872,-0.00620363895431697,0.005621520071547481
2023-11-24,0.007099135477854679,-0.0018650956481404135,0.0069339404174586505,-0.008176568941903106,-0.005790798104589601,-0.010426869694958762,0.0007142776389721384,-0.014579863422828021,-0.01614899290583305
2023-11-28,-0.002251744715390358,-0.0018486871715732711,-0.004196247159872213,0.0036871214591533974,-0.005824526763129723,0.0032995091723933,0.007316967361221449,0.0037747040083822014,0.002146409462227661
2023-11-29,0.019952187338997396,0.005775567874860554,0.015234951373272354,0.011714086174470006,0.0044802662172882535,-0.006238938897580426,0.007352194863725625,0.012564391543492537,0.02368653792938802
2023-11-30,-0.0002244128707779014,0.008118707428387939,-0.004948851327872927,-0.0030486683661749003,-0.003202359986998027,0.007007279992949034,-0.006770920313428963,-0.007442092747546258,0.016738433556821475
2023-12-01,-0.002181235645213553,0.007110317938304078,0.012567492204494934,-0.0019585578043195273,0.03212473321250031,0.004227171854509493,0.012394738600203237,0.00689582444198944,-0.01307344467657412
2023-12-04,0.034717807803885226,0.015076202335829958,0.04700538485007666,0.008297062254660759,0.009448768003644137,0.002637829030573302,0.04014006666962655,0.00022783122662861643,-0.0004905949428064549
2023-12-05,0.008885284329332332,-0.01500581516330668,0.022447537295525732,-0.007102083945567994,-0.005065487816851233,0.008445854629447691,0.022784512879818086,0.00545200128995349,-0.007608274321611708
2023-12-06,0.0025251107289594454,0.001716527855452954,-0.0100646481422344,0.013996506803493292,0.02545646472279306,0.014612472411122956,0.0003288831762204847,0.020528973312319954,0.03561264572106704
2023-12-07,0.0016279081234233939,-0.01923949128749669,-0.004236229348389631,-0.005697688244365895,-0.011117039156002484,0.0002703769076106699,0.005341450054024088,0.0029965341799680356,-0.0011940542238986218
2023-12-08,0.01395325797797664,0.001608317176365448,0.0118618405658939,0.017224889693184142,-0.019537176165959735,-0.0074333551517137275,0.0040052680524247375,0.0032641640731940758,0.010400597132419698
2023-12-11,-0.0013307152939863176,-0.007394072718451605,0.006182940132282377,-0.0017772817310655054,0.007347115348901756,0.010240021673368682,0.00016275873897941828,0.004466936903856578,-0.004732703829580687
2023-12-12,-0.00993342722988999,-0.00035943164148866114,-0.0013764206402957502,-0.00836400262049608,0.001436674888221967,-0.0038451815112834353,-0.003011731872075374,0.008015581411196848,0.003804151546140888
2023-12-13,-0.0022635293503870946,0.003655890800660755,-0.0017722013940510983,-0.01832593597750154,0.005627924073096313,0.0038981815763623473,0.01216508618301404,-0.021391070269535573,-0.006039868137041271
2023-12-14,0.011803314943127363,0.0017716394110647293,0.019479264390787954,0.036197362097372565,0.00976619454379235,-0.0100262025462311,0.006130614108235566,0.020509030184115318,0.03514835632448143
2023-12-15,0.0038784581075148594,0.002603048218013715,0.0036279707724193866,0.05125046318488646,-0.004129437848067519,-0.017218406636318018,0.03944508997220031,0.052832467216180845,0.027969523296244914
2023-12-18,-0.0005132069209575763,0.004994150822207111,-0.01537500888764265,-0.008901448268910928,-0.014295078618853485,-0.0004986429078992494,0.00038573698909138976,-0.00046630542706738165,-0.0029110778769040335
2023-12-19,-0.001691142419081304,0.009938866793280043,-0.005874023248302884,-0.0038673800528691293,0.009852687863703524,0.0466223145844924,0.010639990597503646,-0.011142141696366625,-0.014710799210845948
2023-12-20,0.002480578325129379,-0.001249573118724423,-0.008666167710123629,-0.014053784742049658,-0.011181737206676035,-0.015376791929240241,-0.028913700602284265,-0.009472686001066766,-0.015386384183727841
2023-12-21,0.01792383607116954,-0.0016814567527158042,-0.0022351058472276364,-0.0002602596216311204,0.0009978778500201457,0.0007211413066634531,0.011469862108017814,0.0019709086395078845,0.0047458953877312915
2023-12-22,-0.00939699871526889,0.008773303340902316,-0.010055770895185945,0.01751300919367571,0.008306490143560996,0.010057466690647665,-0.010873774492691224,0.009636933133031045,0.06601375645855878
2023-12-26,0.0069425919840711,0.003552584062373132,0.0008045349441752059,-0.012124928198656515,0.00274612163637733,0.007631628554156666,0.00204156135749356,-0.007439844835964937,0.01610297486936263
2023-12-27,0.012392719262525276,0.009111159785196055,0.007185307853953216,0.014993948993851758,0.00142393305490085,0.006196546151498783,0.016456373257976775,0.004123110963125454,0.001808079442512156
2023-12-28,0.0011447609405916825,0.009776467631378294,0.003641794533142617,-0.002839618204930394,0.015314041547527468,0.02058484310770714,0.004394489070000507,-0.002964871857075946,-0.0031849778996090317
2023-12-29,0.002345738600615821,0.011447447396478738,-0.009245456781896033,-0.012638810145531587,-0.004309519991945843,0.012586700129674222,-0.01435368941460835,-0.00171046587946877,0.003940639457585382
2024-01-01,-0.006523363346327082,-0.003453640104062128,0.0028095292309620046,0.005476713212398288,0.012875988766090751,0.02980015731440555,-0.0010902959910078502,0.004665989250533853,0.012412577827815463
2024-01-02,0.0005889038810493741,-0.015425179803046807,-0.01716034856137494,-0.010926025134955997,0.004913972392042609,-0.005452554442710089,-0.0029624498403042487,-0.00732085530305282,-0.0166614656351759
2024-01-03,-0.01541992019121985,-0.002773614176790118,0.0018326160950012937,-0.028936361147446243,0.014670050791303568,-0.02159727962805702,0.0062553403683884845,-0.02417258879027917,-0.028346101361981013
2024-01-04,0.010729812408574846,-0.005371083187281855,0.0031502270803658305,0.015234898435315669,-0.0017811182608860054,0.018066154610150154,-0.0010879237804023445,-0.0067583347671045235,-0.007677207079853199
2024-01-05,-0.005115779235145945,0.010607272757910513,0.006635229597709014,0.013122319557284934,-0.0051427110115638275,-0.016683655610354897,-0.0012445267562911644,0.01939020841837813,0.0092838365575727
2024-01-08,-0.011146054850944442,-0.015953932683716254,-0.011774216375214253,-0.006362006539248344,-0.01782887264643418,-0.017664150721692473,-0.02328851457913672,-0.015944716846360785,-0.01368805231026704
2024-01-09,-0.007784989214509319,0.000581818038526416,-0.002291211178234942,0.004268437116160317,-0.0020408043392222686,-0.010193489726861737,-0.0025517794456457743,0.0031535249009377875,0.0008881582069113492
2024-01-10,0.0033019131355827014,-0.0009110111544469168,0.013574890697667152,-0.006146530895520863,-0.0026908503711513543,-0.0055930166556001915,-0.00583631021459563,0.0062738666775978835,0.006322765160982069
2024-01-11,-0.004196886910646125,-0.015985170079249378,-0.0019132616009639447,-0.016909010814123437,-0.0014028800464722657,-0.008106678265079714,-0.002492890872694109,0.006059872668755073,-0.011904731936209001
2024-01-12,-0.004730207726976854,0.003075696052489585,0.012460258785127465,0.07934011747245995,0.008753854100935543,-0.002971958093221816,0.02160580052454586,0.03941847827002287,0.038487340101642564
2024-01-15,0.019254285477840583,0.011477827584285949,0.006327816893898719,0.02439919325111961,0.00192846924601775,-0.0008041483313627751,0.010258856329052435,0.005408425296074881,0.06262759185158884
2024-01-16,0.0037959550995780855,-0.0015932197400527759,-0.0007921464773746889,-0.012438571540013377,0.01005138755883106,-0.00215890366570326,-0.0049991118931550504,-0.010886787256863872,-0.01940967552410855
2024-01-17,-0.08435815003093883,-0.0024134654207706996,-0.027055157921658246,0.005301597758663679,-0.012068602017386576,0.00041319527919481125,-0.017114163736496213,0.006034207511102174,-0.005360853286077161
2024-01-18,-0.03339840232408209,-0.005813683835812378,0.004685449326059965,0.0014632880004692428,-0.0023575476164090503,-0.016161405777039395,0.003674004529428343,0.004633780139798871,0.0005182527005036519
2024-01-19,-0.01042956537148687,0.006828955921450497,0.013027885990588572,0.010105859368247483,0.012889380568149367,0.004855967653511595,-0.0008752648363787863,0.017403699558218966,0.00497259475975409
2024-01-23,-0.029442754671453852,-0.07400398481319659,0.029873942066992454,-0.010275992047398042,-0.025874927585466723,-0.020384592680809832,-0.03608136858179789,-0.021506133829119034,-0.031233937225280783
2024-01-24,0.02000212977424387,0.02782500623871864,-0.029007377356333963,0.02024781375406448,0.009362069733362066,0.020727716576106836,0.02181458103063072,-0.0042636626299180636,0.019513672109460423
2024-01-25,-0.01442406338039448,-0.005467524299587856,0.01075863233599561,-0.0037602454092371396,-0.017148347159944288,-0.012649500854659768,-0.008976116588154226,-0.008199207977068634,-0.016839122596096545
2024-01-29,0.01376396198778651,0.006629942202166728,0.006386482006819572,-0.007489062138055447,-0.012838962081670346,0.006607096536445534,0.01664624520629454,-0.002440832111607727,0.006382893244865295
2024-01-30,-0.007115075607969978,0.005829725667792163,0.0004919391257680594,-0.003108846166549495,-0.026122616378295493,-0.00260143236275856,0.006100004217271859,-0.00011835067647891773,-0.0010569880870828774
2024-01-31,0.012635884843198664,0.009314098047149999,0.011063004900928153,0.00572228487847859,0.00798997131195378,0.005597716919927276,0.021938562369299586,0.004052072515631,0.011957629990280827
2024-02-01,0.002598144701739802,-0.003203613266356986,-0.0029179026723789026,-0.002317889324922162,0.003057467790220425,-0.015243351048715659,0.01116319247972486,0.010010570943515651,-0.014221488341115252
2024-02-02,-0.013775620339521177,-0.008489649466193239,-0.0011218026687502825,0.021906321306379484,-0.006322059055897666,0.005510982581476087,0.0030880702625177836,0.029098522571096908,0.025034504998743934
2024-02-05,-0.0008990237696264725,-0.013495835541750267,-0.0004882274719583135,-0.0036319488375604614,-0.004658013493690216,-0.007536032141385984,-0.010313231381721799,0.0017648749904828342,-0.0016558412133581557
2024-02-06,-0.0005190508140331396,0.0028311179215358973,0.002833393469781731,0.02504155148495646,-0.015180984998132585,-0.0024566861328056966,0.011353905614548854,0.040948325143231434,0.03586609567986332
2024-02-07,-0.009798481118188818,-0.00037088260639084325,-0.004140622572956776,-0.02064237172147787,0.000927284392539196,0.017483241137937755,0.03844668065716661,-0.01271760498061869,-0.008906201163033645
2024-02-08,-0.01881177525078448,-0.0034631694634553734,-0.03213816007083892,-0.0009741802429418245,-0.02529755141728729,-0.03062502898706021,0.03598675722434219,0.012416217752843961,-0.012823080137364329
2024-02-09,0.0003919474595548422,0.002937284067272561,0.021631442824629588,-0.013444858517619784,0.002291637353384557,0.011163759578316501,0.0367378718653919,-9.67871514521157e-05,0.003272934834792629
2024-02-12,-0.00968941599836104,-0.015881853593994966,-0.014445450102742008,0.006439638303447959,-0.020818305097205725,0.0036529414020147755,-0.02392280139198122,-0.0031449107513412677,0.022428436404395402
2024-02-13,0.003201468395288787,0.003500078678574603,0.023792748654177354,0.0026487085635737984,-0.0002457595171483362,-0.0006914128455057789,0.007840173916076276,0.00698918858508768,0.02024130242385347
2024-02-14,-0.007458035453795531,-0.0025270751611502495,0.0028437344557410427,-0.010893192024374332,0.011800865239218084,0.012065850963680846,0.0419790388299921,-0.011905118165638107,0.005668455248265536
2024-02-15,0.021675444882809147,-0.015536442231417258,-0.0059156741647834465,0.006091757505968243,-0.018588172924794755,-0.010665325300810213,0.024616577582366128,0.0007560190564803726,0.007774476525055807
2024-02-16,0.004137046230407337,0.010379300907890299,0.00649187758658365,0.015092321648907836,0.0017330500313219588,0.013898233831275197,-0.009189877114534006,0.006117116951358081,0.04725180108712257
2024-02-19,-0.0019719869568169957,0.005009998182148756,0.020034179751737602,-0.0011165615086792258,0.01149275755152468,0.010291006133561043,0.006028845248901904,-0.0059345090861508965,-0.012983361964814533
2024-02-20,0.026250743821371048,0.007100561873786493,0.004790485786165144,-0.008530792817184607,-0.0076969007146455715,0.010404668514698123,0.0011195174743778846,-0.017825062155001015,-0.0074634440488619
2024-02-21,-0.010417299946026248,0.0012478227020480404,0.0030511754200497343,-0.017623382294695733,-0.006771665097437651,0.0016540677960781291,0.014998017404366237,-0.009713020718118304,-0.019832650061907264
2024-02-22,-0.013619180904146044,-0.007893239048493483,0.010219141157637113,0.015583927783226814,0.027519309249296242,0.007685830193959298,-0.007258595750840202,0.023950917140389993,0.01850770043816974
2024-02-23,0.0007397105755377886,0.002512472223531015,-0.0013174173809196166,-0.0026764285968765567,-0.007359077010671844,0.006183845018368439,-0.008943756913502576,-0.008563557976328906,0.009603653135097145
2024-02-26,0.0011967161811370364,0.0042395879615306775,-0.00668988476563892,-0.009959137696922471,-0.0053475749716189735,0.001899937708860877,-0.0001974913263944611,-0.01259840769366527,-0.006061711181798435
2024-02-27,-0.0015116538157575743,0.0004366208818664674,0.005691363293237162,0.002078076897904735,0.00476532999160395,0.005727669662278556,-0.01192522675948815,0.025830750015420456,-0.0027209437280442117
2024-02-28,-0.007569711862609241,0.006755958361611247,-0.013205007037958127,0.0045985606145984015,-0.006931764230633908,-0.010697609626266757,-0.009801966589987776,0.003544879780186916,-0.025872659196219838
2024-02-29,-0.004257027962361382,-0.0038199117053825393,0.00573512135663834,0.0015856001009173504,-0.0048984028925525,0.009840893585350452,0.007542011159209494,-0.0057902255017046045,0.0017383913453214994
2024-03-01,0.019488379221152874,-0.0010777492476761186,0.03297850839573635,-0.011470314739630227,0.007875957445933723,0.0020222779738297003,0.0281380202306305,-0.00018302145731108332,0.0009641737177505938
2024-03-04,0.0013627438949563864,0.0051041730897032345,0.005014216421096451,-0.01057591490937515,-0.0009766765608031358,-0.0047473064214911265,0.003770387127646435,-0.0033340291414086787,0.0026970106919002035
2024-03-05,0.005688564756738401,-0.009145049791521642,-0.003936408662302493,-0.018751514594753882,-0.007211073133777779,-0.019485598970970797,0.015413558618260215,-0.016810758426064942,-0.013832818417988668
2024-03-06,0.0012145388851763084,0.0003958277218050199,0.008317634143830022,0.006878330108514907,0.004185700111390966,-0.002205813510028687,-6.379334959982774e-05,0.013010549021900575,-0.00029219431461025014
2024-03-07,0.0024262180729208715,0.007809849354045717,-0.008340172460218565,-0.0006800481612608822,0.013975784378914113,0.011014302994345693,0.005293974471018537,0.010899826057815254,0.004579535293648185
2024-03-11,-0.012654586589520456,-0.012275097216955966,-0.00850223321326693,-0.009805405473910067,-0.010035060681060193,0.019738798071085917,-0.018209421359246414,0.003346607103561272,-0.0018429399837645022
2024-03-12,0.02223700375500326,-0.00489564342575155,-0.0017150512163222054,0.007715763113678609,-0.012090863754579462,-0.008175474568486885,-0.01809484854998289,0.016956287531409764,-0.007190689199192635
2024-03-13,0.0005823041906569681,-0.02756346763973283,0.006593281247659677,-0.0009609241334560537,0.04450468816205899,-0.0027797806571359107,-0.016388086364185206,-0.010316529734331059,-0.01262601527729812
2024-03-14,-0.0033895164149082557,0.009513084953626683,-0.00032289763137816063,0.026002333089854,-0.006627885845392978,0.011537202024260118,-0.008297101974152676,0.014123785619033713,0.026863607418995628
2024-03-15,-0.001923734267552768,-0.0029555069244875387,-0.0029993036165453235,-0.01167361954433721,-0.0013106520823112922,-0.003482932059509891,-0.012347277846298743,0.0027687483240566024,-0.0018341596825792728
2024-03-18,-0.004543379837069539,-0.011921668518561135,0.0007867930849030369,-0.019186093890709133,-0.003936953752750716,-0.008948809171462457,-0.0012980122689707496,-0.015820166828651394,-0.01315281321681605
2024-03-19,0.0022820148127591366,-0.014348167518163257,0.0025435058265963484,-0.025707427324524246,-0.01892454200440996,-0.032669901961134507,-0.009781824250551074,-0.042191512120392516,-0.030086175173400287
2024-03-20,-0.012626295620638439,-0.011027968001548816,0.0005074105635942683,-0.00416278194602171,0.01501669228895075,0.02171422639518772,0.017200925240242082,-0.0016091877584698544,-0.002728191017712822
2024-03-21,0.010272113064315525,0.00017854555387009086,-0.0024895469004048154,-0.00016084682979156106,0.013350870868349185,0.001333040510558936,0.010933653212113592,0.0005162814180188491,0.014083055731710203
2024-03-22,-0.0020059494073969564,0.006332591602947524,0.007857269261457578,-0.029491244446701703,0.017448154410388383,0.007734123032382634,0.003224607481245867,-0.01561805427416374,-0.026675957901650227
2024-03-26,-0.012094046787324064,-0.007334347699924915,-0.006053463843082474,-0.010736497078082774,-0.0022165942158726137,0.004935077885721784,-0.008905825559694769,-0.008540332669588202,-0.014883981059910845
2024-03-27,0.010733824983576001,-0.00013379896886345222,4.6253363100268174e-05,-0.005895704925149903,0.0008184415683181179,-0.007598443490098972,-0.009121007169554551,-0.009439100276651846,-0.015734190535183545
2024-03-28,0.004997589210736564,0.011005870818407093,0.008812002971068766,0.009569740884760591,0.0008177722694993061,0.02178124530992953,0.025978364829912337,0.009216654829153237,0.01651509352013858
2024-04-01,0.01560870691588323,0.009517030206489752,0.00580807083531365,-0.0017356005222813886,-0.003852016540726644,-0.014014116535572496,0.007908578548491807,0.01043517680579309,0.010101979303063446
2024-04-02,0.006562501625722028,0.0003500032666972075,-0.01677818576346579,-0.008425530608842324,-0.0019919777615612366,0.014580623042290908,0.010681841120542712,-0.00841245879777508,-0.007732702921606549
2024-04-03,0.0014525726227001545,-0.009402352487474785,-0.0036995300854337776,-0.0014836455360264234,-0.0015264446448074453,-0.026436009044942588,0.006067316201718409,0.016349910609049,0.004156242739784766
2024-04-04,0.030560629026979758,-0.00011022136666416493,0.0015317703263642013,0.004085999961820352,-0.005761941776062263,-0.0017033711061396062,-0.015238966302023926,0.014186894433270814,0.008692030921558125
2024-04-05,0.014368926746435529,0.0008829895329742765,0.00421751245772195,-0.0051118979326268965,0.011354232673630671,-0.004687010792515656,0.007177629467207458,-0.0060075692394090385,-0.004821478583648564
2024-04-08,-0.0019038687123732467,0.0008822105502925837,0.003461258900081532,-0.001622753329922788,0.0036252037213633237,-0.015605045013344587,0.0046420490775129775,-0.0016835690879600795,-0.010617513460660866
2024-04-09,0.001260909298050672,-0.0021154838349295435,0.018304882492704344,0.012291053150073061,-0.006408701094596347,0.0019015646567888123,-0.005336456029937375,-0.006545038713207663,-0.008543402687680168
2024-04-10,-0.00787833092537038,-0.0014355613345459206,0.002122675871653268,0.007994104731567031,0.02486231292536578,0.009909068158166834,0.01943205763073519,0.009653903174684286,0.003152508715857927
2024-04-12,-0.011325531672266242,-0.012649685681694,-0.0045068913532640975,-0.01463367790419956,-0.015676919257589184,0.003402237614893,-0.016366127616254778,0.004203676358080388,-0.01372291207870402
2024-04-15,-0.01596513311625747,-0.017134824269517734,-0.023587569558339627,-0.011180343135148818,-0.009765194479172012,0.006880326582448637,-0.011483672967820935,-0.015044759860272316,-0.024216751586524587
2024-04-16,0.009734509116311907,0.012192229271329014,-0.010479003334338155,-0.03657673484044166,0.0,-0.002956493216397904,-0.007656747715761969,-0.017355051841167812,-0.02394686902717391
2024-04-18,-0.009640662004145262,-0.0027017447829609242,-0.010871128610236203,0.0033936655731501286,-0.016553113247893547,-0.03281483931447626,-0.009179238920774768,-0.0027886299185942987,-0.008921603281824453
2024-04-19,0.024486668905198572,0.007585218600121513,0.011180104217704212,-0.00563685745790532,0.014086183000002306,-0.010091264725575533,0.0075859525542019135,-0.009269904757642,0.01890404304788973
2024-04-22,-0.012473167277226915,0.0044363109169009984,0.018177580224868484,0.015234828197391082,0.0012949149027257079,0.008614659557010684,0.020854102433242927,0.01003614429877997,0.020430709528707958
2024-04-23,-0.003041863502356801,0.00948022499897161,0.0033129803955731507,0.006735207244768393,0.009169870243129763,0.017305903406177547,0.00900670199704745,0.0026134081797197783,0.0002164026896789295
2024-04-24,0.0027194858498060803,-0.0011046417064710656,0.00596190430886967,-0.008076699838746482,-0.0006988857859069331,-0.00043987025421232673,0.0001293121486347637,-0.011265351360027598,-0.004760815450979394
2024-04-25,-0.0006282519066984626,-0.013007518881483549,0.01550033134676121,0.005381578716044277,0.020167883279558874,0.024998535113625264,0.051222443655770444,0.005520617271903783,0.002391865406550231
2024-04-26,-0.0006288958900872998,-0.003675890853617081,-0.005252486994106964,-0.005700520026092781,0.005599230477839612,-0.031178426575133034,-0.014027307295405578,-0.008008325815095252,0.007809019788961091
2024-04-29,0.013048000184069375,0.001552299074459862,0.047161279123808075,0.0031464033024000138,-0.00409077540566849,0.01089505424546866,0.03144889158129849,0.012783360111093156,-0.003551468260911572
2024-04-30,-0.00614577693684748,0.001954138724795218,-0.008404095574235826,-0.009897145381283945,-0.005819335469885112,-0.0009562579253858949,-0.00030246905589903506,-0.012803019515093439,-0.0011879482846934852
2024-05-02,0.007992945833216192,-0.0018607083308944672,-0.009518452949414336,-0.004294282039652986,0.0076896573607685426,0.0019541914161642637,0.004599089238282783,0.011163140323451115,-0.01081323847075455
2024-05-03,-0.008255806663411303,-0.004154696117469214,0.0022818344267576673,0.001308076487733123,-0.0058086535511404636,-0.022369818308323297,0.0016865519484923208,-0.0051511493707980804,-0.00010918275356630591
2024-05-06,0.0020070847119317836,0.01765834998788507,0.003721429972096013,0.006778189757088882,-0.003895034723117252,0.0005291077210978212,-0.028444260969160085,0.0202035473049631,0.002842335985895561
2024-05-07,-0.01083639716253415,0.054605086445070006,-0.012562222306405912,0.010554710865482653,0.012880814105529215,0.020855549479171342,-0.007303798194488564,0.014766473803766944,0.011446644057729216
2024-05-08,-0.015602721371197004,-0.0161173556298555,-0.007862885258961838,-0.00947277436682159,0.0014761815917028187,0.012098090510632264,0.011098590668686459,-0.0005027403405025721,-0.0015088953666224647
2024-05-09,-0.023707454009924467,-0.00657835207577262,-0.006500425244943986,0.008582556840510014,-0.03605438948041684,-0.01006305366494209,0.01110020375748566,-0.004211619012358003,-0.01575991446722358
2024-05-10,0.00693266997985309,0.015866577505152968,0.001210019508659288,-0.010176950061953183,0.019407171197677098,0.007857623470851172,-0.002988484285341708,-0.016741618524962365,-0.00888346875882795
2024-05-13,0.012066238863965184,-0.0008042617595196422,0.009802630102880183,-0.0010175850304079415,-0.003461279010995688,-0.0066909845251005295,-0.010460647700293313,0.01384219000835163,0.00022119172336587667
2024-05-14,0.003916797365439262,-0.004680867683635959,-0.00660459147028114,0.0008781660111769618,-0.0049787744904867814,-0.011485384816384059,0.01162216140988126,-0.011804087908287797,0.009735614048028474
2024-05-15,-0.01536665958983563,-0.011193408680326478,0.003391128037532498,-0.0033340301412342344,-0.004421602534799285,-0.008985495516918185,0.0025665449030463083,-0.005331728056044316,0.00427298965742029
2024-05-16,0.015119854339414207,0.008543958701958454,0.005958971037178351,0.023522019860535037,0.008532012938429201,0.001359130294071198,-0.010179086322433473,0.012602583418904745,0.013419231264566234
2024-05-17,0.0026365712830374033,-0.009730613080221162,-0.00048628059081168296,-0.0062269546962928635,0.011241272053401197,-0.00925723867130357,0.0072663107813237815,-0.017136885991634543,-0.007428086933262468
2024-05-21,-0.003620009146567127,-0.004158808172469053,-0.008447597556680675,-0.007027595451520985,-0.003438109919347898,0.006256291031790262,0.015650921853833655,-0.0036253103162090516,-0.00021701333717505378
2024-05-22,0.0002741896457745252,0.024321694274627825,-0.008787201301289405,0.014398853494443475,0.011729526076246,0.003393146217225196,0.0022032647796121907,0.0030888120745111713,0.0008678179605261516
2024-05-23,0.022889280300673054,0.006590852387506008,0.021060281233288514,0.012097744492242546,0.003296209963010499,0.0020250274381177213,0.01630527316123298,0.016035956109848204,0.009755086811352065
2024-05-24,0.01648134588098138,-0.005645375536073471,-0.0022478267854468825,-0.004957953423610273,-0.011668763123776404,-0.0025866638631971695,-0.004206208757698504,-0.011288191101412992,-0.0046157150416424875
2024-05-27,0.006920657038791633,0.0065216163024433005,-0.0018991846122093925,0.004265918476035857,-0.010774829907304051,-0.0031810630432620446,0.006154989663789134,-0.0006363442819954379,-0.024156115462225403
2024-05-28,0.0018327648072227198,0.00480192089617959,-0.00252271508803692,-0.002922365689525197,-0.005793715477011796,-0.0033334153722993642,-0.003058594077308463,-0.0018585855871441348,0.007956660162755425
2024-05-29,-0.014504986887503457,-0.009411759467811476,-0.022139271987836717,-0.010974441960488135,0.004545471160840586,0.009993044013761665,-0.010226817313893966,-0.009440470717781313,-0.01151197380480573
2024-05-30,0.004342556429610012,-0.009269493139004048,0.010616981744083098,-0.016196362306033607,-0.016475343860932856,-0.02883442144464199,0.0038898093216923613,-0.01775919766529299,-0.030723023950056882
2024-05-31,0.011024206096186262,-0.009504852017725995,0.00659971478216459,0.00532353541464925,0.006134188212372438,-0.02075029096987402,0.0054489530346040205,-0.017438050505659164,0.0028607442792938365
2024-06-03,0.026541689645531497,0.011528272578127163,0.03474414030465045,-0.0007106960936651419,0.009145303948535854,6.379658896671359e-05,0.09068469916755761,0.008689975110549364,0.013464112169335074
2024-06-04,-0.056640261661991764,0.05959517508244283,-0.07633619873639896,-0.008713349070302412,-0.01742022769262408,0.030869760748431174,-0.1440402098405682,0.003281278606316107,-0.013397910727902418
2024-06-05,0.04628657586696616,0.04264301467640563,0.03471932487293827,0.02615428887013027,0.036368022093760555,0.03381735567688904,0.018769292328109755,0.008465673691920417,0.030468978769689903
2024-06-06,0.005090807040371015,-0.020420692077990465,0.001578406362419127,0.029473531703158917,0.01185214930134415,-0.015319774191438151,0.034441312641200206,0.02240783391858603,0.021041115226480223
2024-06-07,0.008751645360729254,0.011060514093197193,0.010176543367547808,0.041670926102698846,0.008612761099955346,0.01256382117107746,0.015912892460855588,0.016590880015805,0.05108450173088097
2024-06-10,-0.007658653736140497,-0.00482965697286708,0.0018721844231071039,-0.022072205959071223,-0.0051234984400149175,0.01828200141754288,0.0022289927950263078,-0.009052504646420045,-0.019193017803654677
2024-06-11,0.0022416731063887863,-0.0035083633898146394,-0.004983162395936658,-0.00266721023997174,-0.008926506222466712,-0.002452636782531603,0.004508325593159057,-0.0017103091892062272,0.0016832974463241168
2024-06-12,0.00597515109447988,-0.010816201867991149,0.0012074252771074878,-0.007053284010088867,-0.0016166202663975282,-0.0018292247245160764,0.00424867624726355,-0.005308928556811754,0.0017855108349986715
2024-06-13,0.0041928080220983155,-0.016332501460949556,-0.010897275631222114,0.005891473000910308,-0.004626427354157303,0.005694902405926072,0.005720476912189021,0.012135737164905125,0.011952229583075402
2024-06-14,0.010216641865205434,0.00663722461899785,-0.0015352179696915824,-0.0033802890722336443,0.001975345251734595,-0.003624871936846019,-0.005569452750545323,-0.011886930114844763,-0.010567798584191879
2024-06-18,0.0068256527275920575,0.0026211548702863574,0.01555645203371192,0.006246161887109025,-0.005566458890399084,0.0030874411103460897,0.00679221984383771,-0.004423233200491761,0.030052405888085998
2024-06-19,0.031129539458385258,-0.011764664223008925,0.019236699928011358,0.008777243022074499,-0.01189507445078386,-0.009528058600300593,0.009113468291728655,-0.0035124149180353337,0.007929160325392592
2024-06-20,0.006936652144256872,0.010256447532184021,0.010791360666980498,0.0026797085147294286,-0.0008261496267907287,0.005423585381598484,-0.01037999922301902,-0.003800943417134439,-0.01079175785117048
2024-06-21,-0.002156462521004543,-0.01647731706254263,0.0015992614074336053,0.011416181419470428,-0.008740814276813613,-0.016281378956379045,-0.008829621032765633,0.006205098052382452,0.00030597159091283466
2024-06-24,0.003992176374129297,0.0003686610494455511,0.00988211282431295,-0.003621092803378745,0.008817889813991009,0.012668375501750928,-0.004304647643659343,0.0015875047297222444,0.0
2024-06-25,0.023289886713483643,-0.004094667096509741,0.023801397007170655,0.009691174247695944,0.0,-0.00577069974251887,0.011468697112133164,0.005672291241900496,0.012842695020785388
2024-06-26,-0.0057556866277864716,0.0055095475692701346,0.01673695072251702,-0.000810604450583674,0.001535523875941358,0.007473812240499589,0.0036805710791532054,0.004533219029904778,-0.003320880740398713
2024-06-27,-0.0031443069887190367,0.006767095006957158,0.0015599559292587273,0.021191653463960236,0.0038920622663638493,-0.000197408948563349,-0.0015969706535375883,0.020306757332114955,0.03150240892537015
2024-06-28,-0.00728112937923775,0.004427028606963868,-0.016640836723365027,-0.004194796726344152,-0.0016447286925169724,0.0070646632126389886,0.005864974355444863,-0.007625551496878047,0.007928687320480021
2024-07-01,0.012709217994657962,0.012959723601841944,0.010211776401668038,0.015350220306491691,0.009767011797318759,0.006446834171482285,-0.008245446926251732,0.018967019850846478,0.024278898214709743
2024-07-02,0.014895633271195141,-0.007963828602165934,-0.017535110508196894,0.019015632426233386,-0.008274153107603599,-0.009209089721975205,-0.018765990380518405,0.009853681867677766,0.020574592396789937
2024-07-03,0.021986632970162567,0.010140371429667505,0.009238958773160277,0.0039171998596065905,0.006580461219152234,0.0027707609276981238,0.01670401882494521,-0.012981009954200595,0.0014864124193498807
2024-07-04,-0.023464158212053166,-0.005736429649953467,0.026131878731958436,0.01428653219437459,0.0017512009759270697,-0.0024887181592839758,-0.0007739319039251624,0.014046969319424063,-0.015398768470585633
2024-07-05,-0.045769107202913495,0.020453201422361733,0.00032441650813130885,-0.0019386099656750755,0.010721330143351082,0.011394026818780212,0.02436557938519668,-0.00227557500643083,0.008290772000426605
2024-07-08,-0.007736180590102726,0.015763704716025728,0.0013377840967960797,0.008619397258684325,0.022944723940814482,0.011363130429530743,-0.004070934706595808,-0.0046361962948696656,0.011399913655730787
2024-07-09,0.0007032014693770794,0.0011595280567191502,0.010687773655075006,-0.002708204401272063,0.020288632205523793,0.011408103124727509,0.005897771142775232,-0.0019283570752400836,-0.00036964845138953706
2024-07-10,-0.006355059753558767,0.00783741512817393,-0.004045620830643415,-0.005370596057538313,-0.0025409045623200344,-0.006323298955181467,-0.014280713064117156,-0.019156957184204293,-0.010073861949367657
2024-07-11,-0.0025827505799129735,-0.0006128438188726104,-0.003820838073411381,0.002699836111125453,0.015948615881305583,-0.00888608003309177,0.009069530845344342,0.0037220539348405968,-0.0027075406831695847
2024-07-12,0.0004931573558710767,0.005136292882949922,-0.004481370434576304,0.03572934690722862,0.0008720682643563737,0.006092874909435997,0.0035017744702878773,0.06632768937660383,0.048773748670669415
2024-07-15,-0.0003697047645558893,-0.0007436143128104478,-0.002392765810650177,-0.0027457504174877023,0.009476108036119424,-0.0014948713707780836,0.025183180988791687,-0.003525340974969593,-0.0008034413139705876
2024-07-16,-0.0014487810332405315,0.026008430252566717,0.008089771486854191,0.011130373320583198,0.004639618047399097,0.005185465013413104,-0.000737507096033263,0.0022186494877858287,0.0
2024-07-18,-0.0030559057050524308,0.018579450833215105,0.008387789808429691,0.018539466263566506,0.010095597928162725,0.007574804692888959,0.014590654346203769,0.032811073019643144,0.024120061223248168
2024-07-19,-0.004644645399305647,-0.004163041003120149,-0.001319602376752882,0.019851480477393935,0.009143996790536013,-0.01111503095755384,-0.00470033402207648,-0.0007315383583920143,-0.027913473163097224
2024-07-22,0.02193120570482132,0.00304366899875963,-0.006006569965361641,0.009983579652721897,-0.01685797420890911,-0.00406110381353586,-0.014111448887056843,-0.0034981325672858166,-0.09224696866033277
2024-07-23,-0.014702725470337574,0.011351743104704104,-0.011602104457126616,0.014385492507307474,0.05497794254335142,-0.002222489193649646,-0.014712573909748672,0.0034987447605132616,-0.0103796028057489
2024-07-24,-0.008866751124292471,-0.017821476081664844,-0.0030568999060224256,-0.0016059994959453094,0.003758655268105482,-0.015552679380241297,-0.013774760057692959,0.0009064277015429223,-0.000898976316897504
2024-07-25,0.007823832682266385,-0.003625284169916476,-0.020523284248952778,-0.00496187655803737,-0.008298743660253738,-0.023904125414103694,-0.004107965053030127,0.0037735614060594447,0.013497298821647297
2024-07-26,0.0009588594279477114,0.0014222562333932043,0.007763486878219927,0.029618798193203677,0.02500263374037992,-0.0015117263040377305,0.0164407914896314,0.015118629702380648,0.035414780680980806
2024-07-29,-0.008095590711742706,0.00020291740862510288,0.00455595825484667,-0.004151347121003401,-0.012246198928596685,-0.002664574400716102,0.010609263458875917,-0.0015383563034880865,-0.0007621518587889176
2024-07-30,0.00654186488280617,-0.007449556218657727,-0.0026799055679606054,0.003233385851934445,-0.012397960161444455,-0.00512085433130649,0.0013767933529897913,-0.0035950284761898654,-0.005530219065088771
2024-07-31,0.00012375478448944932,0.00529465174844268,0.004506345948222856,-0.004741235442062175,0.011124743124313552,-0.0005290140111495756,-0.0004582525767791168,0.004581560206606161,0.0009588120344488082
2024-08-01,0.0142657980502916,0.0036589665086075307,-0.003951099059953167,-0.008376763223371553,-0.00333092314657768,0.011256561766268547,-0.011176026684468487,0.002679340852045353,-0.0008620979983958721
2024-08-02,0.012417631762756454,-0.008469689661774638,-0.011197270248849867,-0.016949257207503066,-0.009317440196655924,0.004468643298483066,-0.017156501699295612,-0.02593753870346671,-0.03719682950093939
2024-08-05,-0.026157959352411386,0.008671986616140881,-0.02001605133107842,-0.03805175601100608,-0.0063381898678342985,0.006332324392856137,-0.04269615742293731,-0.02988513843410434,-0.0341530685253999
2024-08-06,-0.009005185954926831,0.012574159049163702,-0.00490359563154219,-0.0004566059960428026,0.0006172612472479244,-0.0009557619731811462,-0.01718722420782992,0.0038868625312422633,0.00927832705638032
2024-08-07,0.013927114719938682,-0.0021816862023257277,0.0047993126826217924,0.023156862417727186,0.013057808074044441,0.005700699152984434,0.013726937799308114,0.007012326031742733,0.016138965509489678
2024-08-08,0.011826246207040203,-0.003954083316344281,-0.006695368460084339,-0.02707005793256889,0.004262640223747782,-0.013358159929178104,-0.0007419854103664081,-0.006642196171489201,-0.020305646316666093
2024-08-09,0.0045656849024433566,0.005122199008801953,0.00601051760679594,0.015833330112612787,0.002324501238973875,0.00626716059275112,0.020110122218387705,0.013469005972849057,0.008208497589133446
2024-08-12,0.005999184144544145,0.000545987372794432,0.009641993763822354,0.015050162902552566,-0.0026215796546302794,-0.01261620790957585,-0.014193902362387378,-0.007827329598094956,-0.00457970824727838
2024-08-13,-0.034274954883920405,-0.002655877701142062,-0.0037944147967912123,2.779335800973115e-05,-0.009300418641335684,0.004690457019892236,-0.018520763175734922,0.0003099288024155378,0.0029649801494777694
2024-08-14,0.0028692128216616375,-0.007058258526748684,-0.005734568828671183,0.01435377429676632,0.004489744558038522,-0.004064934318089408,0.00683341708403451,0.023421711345949614,0.009480131600020592
2024-08-16,0.015113842257567622,0.009624992434053903,0.02203757535312345,0.01958032216977923,0.021231288077994126,0.020548874199696643,0.01133245842682129,0.028123973075348863,0.04261332928671191
2024-08-19,-0.00033695049117077325,-0.0020740143031934277,-0.00955988097162297,0.0031470267254183337,-0.002387392330936655,-0.008830184920643247,0.0019702477939840257,0.01674577729550264,0.006779686027807985
2024-08-20,0.0037693544536892,0.0030993270483421487,0.0030189723777469535,0.003968152532364266,-0.0052847248302363425,0.0061323859628328314,0.008111109172716846,0.007416404506513041,0.009427669027576968
2024-08-21,-0.007266237529757191,0.014594391560825315,-0.0039001584468701944,0.00026703299456420915,0.013231874178514902,0.013202191992931711,-0.005790557774953964,0.006234465284267632,0.003240102209413953
2024-08-22,0.003383018307382857,0.0005731578292818007,0.013831584923246876,0.004031712308543378,-0.0016818845849919661,-0.0002938820713368484,0.005824283625786908,-0.010875432427153053,-0.013964027292097447
2024-08-23,-0.00383136357651781,0.008163991360722322,0.010410545403395588,-0.009653020342895613,0.002477452449372697,-0.00854570115611386,-0.0060344242633266765,-0.008462870771084763,-0.012716731098187828
2024-08-26,0.009168955358966002,0.0019710681888820414,0.008142928443072073,0.0075452617747990836,-0.00019774344812684141,-0.0038152968303680757,-0.0003679059834509335,0.008635842762064971,0.014832145856920942
2024-08-27,-0.001341501236599818,-0.019229750721457828,0.010755787545847051,0.012765529020043465,-0.010084990898560298,0.000753989656813614,0.001042936710554887,-0.0011772316660886295,-0.005480724087657762
2024-08-28,-0.0003969022287185764,-0.0009215609535251357,-0.0020385512173078935,0.020525212526674164,-0.006592114377256597,-0.011481562520414546,-0.007966685214900515,0.001979043559370286,0.033742488667886095
2024-08-29,0.0008857139553528626,0.007560549089791424,-0.0015933240406182936,-0.0029652928645423904,0.015684726371625102,0.004834590251158621,0.006300916634025988,0.001275975001007179,0.007669429157605601
2024-08-30,-0.001006947834348626,-0.002602962981426704,0.005974231765118132,0.005353401559622162,-0.0063353668784331685,-0.0015172090010370232,0.0013505492434884303,0.009297981055875093,-0.0005569552292240543
2024-09-02,-0.0060786898781292065,0.003977564536727041,0.0006101574350290129,0.010701258681165893,0.01623825245041699,0.003658817726914343,0.008030914781370413,-0.007180870671509076,-0.01105128554752588
2024-09-03,0.006392363566181558,0.001882417113040269,0.014431520412857779,-0.011835023246743126,-0.0012743598766565833,0.008307194415825725,0.0032232595095356142,-0.0019243231133563299,0.006761181354107304
2024-09-04,0.0027179409719437775,0.016802079515019885,-0.009096712526354689,-0.009684559681901184,-0.005987369197970049,0.0015805075699490967,-0.010063091813644509,-0.00733544087446536,-0.03152685186366089
2024-09-05,0.0022230171497106266,-0.0009855344576736869,-0.000323561870959721,0.005565851300120217,0.009578288243740296,-0.011776283016781353,0.0027557134979101505,-0.0007367311541488508,0.01097939510358259
2024-09-06,-0.005165735032823582,0.00017617456950214105,-0.022492837931017973,-0.01619120556806619,-0.018583717319688997,-0.0006786773980818062,-0.04427480126570049,-0.004289533239331567,-0.008097542179531847
2024-09-09,0.0058340796837741404,0.029183386864547467,0.02222406174609648,-0.0037857812707090543,0.020031888170825685,0.005413088133978006,0.0022363730194130405,-0.0016155915110744878,-0.011044931391991142
2024-09-10,0.0023383255533169223,-0.007940341717416532,0.0018624149659356437,0.009315718191272415,0.0036150659843732225,0.007450014045843556,-0.002040135040458524,0.013102460641853497,0.02117131002752859
2024-09-11,-0.003908283455877903,0.0019147144993543197,-0.0007678196952959349,-0.001124303317811548,0.0014602266013594711,-0.0034115280865260056,-0.01795183288656077,-0.006322185375952305,-0.021683439602970478
2024-09-12,0.013808600832107443,0.017991411857118056,0.012779599443935252,0.021097793588357172,0.010012616236170446,0.00039583493683137405,0.024915383832125215,0.008561501106395975,0.030524098882244166
2024-09-13,-0.0003900315826106393,-0.00793190127737431,-0.001437655754636169,-0.0032556472657548907,-0.010875807607163224,0.0014042065943244975,0.003935288371254897,0.0010844471556892277,0.03876991987979417
2024-09-16,0.003001236497852,-0.02245173155589819,0.009997208896075582,0.003163431355984958,-0.005351711490415245,0.0071898361540922995,-0.006701657370268288,-0.0020672258328768844,0.002361074320744727
2024-09-17,-0.001286626408101399,0.0022322021947225323,0.004157293947342655,0.0011793358254901243,-0.006554532723314743,-0.0010786383392589194,-0.0033733570418887915,-0.001684035881459267,0.0
2024-09-18,0.015580102911475713,0.0008178679863202198,0.015968792282115674,-0.0309339566064617,-0.0007878042366463722,0.019749895949881413,0.012581371744484038,-0.03540003001079217,-0.024913859678637573
2024-09-19,0.008083504360068439,0.01248322064293661,0.00283309542791943,0.0010834731845426049,0.0017739240748355645,0.014265501741112852,-0.003531994821542095,-0.011504499753902997,-0.008919604085076194
2024-09-20,0.019139539375109926,0.022615284285562032,0.03595193840401367,0.006097603940411478,0.012100360386941844,0.024808441251157776,-0.010443674289331684,-0.002618593556755755,0.010780896398809192
2024-09-23,0.010682354773550173,0.017111111899569043,-0.012365005469354484,-0.004880054667497746,0.004957179506134057,0.009482973222151525,0.025777066186315922,-0.0038273265010210222,-0.0077906223149685205
2024-09-24,0.004688057156291059,-0.025754887497564383,-0.002496443589187436,0.0011336999861455421,-0.003288484728321217,-0.010549785138269874,-0.004489589062177446,0.0006559138200039616,0.008693038776686146
2024-09-25,0.006249799257544986,-0.0005423738292436031,0.003981524844065776,-0.0017380586300201895,0.00446390491243287,0.00035226872003724097,-0.006451637560187962,0.0008078546021088595,-0.006208691637315078
2024-09-26,0.0024449908355437255,0.012597799899433326,0.003928009627261364,0.002611761242018451,0.010047334953571463,0.021558261779326626,0.01103265261039299,0.004152249176692102,0.010630273121590816
2024-09-27,-0.01726979046798749,-0.0066474909204981,-0.016891838109063362,0.0034205204604103034,-9.572987143380285e-05,-0.00355660530998847,0.0009977554772311326,0.0037740550430431785,-0.00018455544845896732
2024-09-30,-0.011753660555299694,-0.002680131461698987,-0.025715541632707173,-0.01633665039568155,-0.008704695663533935,-0.020304515327905115,-0.0183766262426448,-0.00933003341490568,-0.0006459431286433004
2024-10-01,-0.0033775675513509906,-0.011679039909692657,0.0010997658999323257,0.015328358024857103,-0.0037634441250385953,0.00635714846284996,0.011486189089558563,0.0045448823136686745,0.009788485545151326
2024-10-03,-0.02560535132398034,-0.010397584246844671,-0.01416358597201317,-0.0057499813102078745,-0.006683469529119135,-0.011894918430511825,-0.0035761143219101843,-0.012861742328573067,-0.030361227982217853
2024-10-04,-0.014476750506686953,-0.01541462486735512,-0.01321288413352395,0.01307170981552086,-0.017942481826256018,-0.02867452520117464,0.0032111977398285863,0.004606905033267994,0.006413222109244776
2024-10-07,-0.02404009922405448,-0.005388420577771114,-0.00471866839804902,0.008419613407657067,0.01320623773953411,-0.009352857177229668,-0.03263668127922337,0.004844586887270408,-0.0039358302970335934
2024-10-08,0.02055257976550795,-0.005152702556580624,0.0021881798807681374,0.0073669966122225095,-0.0044100699812720245,0.0030693380683217697,0.014014134511421972,-0.004587084266823527,-0.00846744024012136
2024-10-09,-0.010841499864706061,-0.017685029062179725,0.006105448707108385,0.0021554344791234747,-0.03199130501082825,-0.025467137576408616,0.02041079085888886,-7.06280494721101e-05,0.007970437511290562
2024-10-10,0.017910073053438058,-0.005146274097553416,-0.0005224422772471815,-0.01728326559455906,0.000711880749864946,-0.0014111160091762054,-0.0003762658468511315,-0.006007627883086064,-0.011578651293189912
2024-10-11,-0.0068574587497161055,0.010345973095100769,-0.01648571455704917,0.008389784993957594,-0.007824437412562113,-0.00025858966441105746,0.0033245551787661753,-0.018498274737855924,0.006285636294173225
2024-10-14,0.022471163272313355,0.0021199108943319445,0.007154523258763534,0.012299066893949107,0.017922962820347665,-0.0038816259630733985,0.006752183582041438,-0.003024732933954888,0.04022337176874902
2024-10-15,-0.002369529134962467,-0.0027428573696129943,0.01928148481114933,0.00020421031443129678,0.0032196336559522365,-0.0071142512764853505,-0.0006210219046511867,-0.0047986413230818314,-0.030206477505905327
2024-10-16,0.009322552378198568,-7.189586873679321e-05,-0.009836666616697576,-0.020007097568207066,-0.010731106121446565,-0.008855802550303382,0.0009942060743368675,-0.005307508610812306,-0.0015009936477767827
2024-10-17,-0.01567837431578245,-0.015316910834753839,-0.009572421357132987,0.024998632934326803,-0.008718636466366725,-0.03393237704360608,0.006952607571821368,0.003431093048933853,-0.006389240811635055
2024-10-18,0.005199781183269581,-0.007868743505744735,0.027005039079667892,-0.04496724431034149,-0.004499778133181587,-0.011960347286619877,0.011528346493383301,0.005867239009618386,0.03763591973366465
2024-10-21,0.027856182662219453,-0.008667415428266101,-0.004309951089876529,-0.014284967477264932,-0.006266761220358852,0.0018722492301697091,-0.00786204653327971,-0.010477554616711515,-0.0010024481476070823
2024-10-22,-0.008185280922534233,-0.004399333894398061,0.00671137333132843,-0.0006207675137156476,-0.0038251009480461118,-0.0018687504635529484,-0.028932969394302233,-0.01577272587134715,-0.004834980691201252
2024-10-23,0.012393969464591148,-0.008352888064208752,-0.012544431186191973,0.0117737621440821,-0.00300948323830319,-0.009828727932358339,-0.005566835583509899,0.012638480909646255,0.0032085212958685716
2024-10-24,0.007978955998030335,-0.05798524260001747,0.0009188568512625839,-0.005364650559823159,-0.018007783036092073,-0.029435093971920234,0.010877802415383053,-0.004512746081711372,-0.000548303673610806
2024-10-25,-0.0035721316455352703,0.009161334905240182,0.0021552545240803855,-0.0006975969198224075,0.022471983467795997,0.0009076416419044886,-0.01711650633483519,0.0023840335774008015,-0.006308296666442059
2024-10-28,-0.005277097282829213,0.018888154911705257,0.02979013015710419,0.0017722429252786664,0.0038356688049274723,0.005020531254790406,0.014213412294431738,0.008206897653473044,0.02787734869944103
2024-10-29,0.010177642346343108,-0.010928801657952847,0.030165846934119056,-0.002738126957885778,0.007848887957822681,-0.002046636005158642,0.05132254399145375,-0.0038133773481097144,0.006444783922390673
2024-10-30,-0.009846707832153578,0.0028653699685214917,-0.014791391832232326,-0.020225086711498363,0.007377808224045879,0.003925193215412293,-0.012309407409151985,0.002306555729644666,0.005425111445661379
2024-10-31,0.0006340791811547675,-0.01045021530032808,-0.015165990786200956,-0.024887599552141815,-0.005594501026471188,-0.005864823959379484,-0.002735701610035113,-0.02844792635805604,-0.023794883727359384
2024-11-01,0.0009219328713974129,0.0036587178548894705,-0.0003482133456905734,0.002048547177951443,0.003068695261118526,0.008550852816104015,0.0012192533633084146,0.0039687182373391305,-0.0008154813788585624
2024-11-04,-0.013354146852815663,-0.0050050377504154975,-0.011302116404333318,0.0015901919864715897,-0.011625585751060541,-0.01581750323985731,0.010533296516720858,-0.005032367210764277,-0.01913481339628842
2024-11-05,0.025523590157632503,-0.0013663970535637837,0.015267789482281469,-0.005358261303711531,-0.009079619198503752,0.00723456457986682,0.023317476988818475,0.001816343130006004,0.00536245271757152
2024-11-06,-0.0014789994604544887,0.003350183182122324,0.004357271813371977,0.039619277216508264,0.0018742198882981675,0.005812241858294653,0.0065944157885318155,0.042378489475183745,0.037152947057170094
2024-11-07,-0.004956566604921053,-0.010077146628707845,-0.01815954420260013,-0.011323108018172157,-0.006651480815321409,-0.005602708399058964,0.005615336997062403,0.0027175003818320498,-0.0008867759194614022
2024-11-08,0.004523153775752853,0.013007509945897278,-0.015523571073589704,0.014919115225297652,0.00031393171810023546,0.014494761861276517,-0.01913669675451879,-0.0009393822968049026,0.009939665363328132
2024-11-11,0.006754286243775276,-0.006639521722813235,0.008301333967066782,0.01647583062014535,-0.0023010933326760297,-0.0072309836562652885,0.0053370754988388835,0.01246690788095628,0.007908534172552883
2024-11-12,-0.0272321317875448,-0.01186246949738401,0.0010240841487629826,0.0046771798595994785,-0.008596137349266897,-0.010026177868000419,-0.024715370144413384,-0.00030980761969912063,-0.00496944491308271
2024-11-13,-0.0214468511258068,0.0014015774438460582,-0.01330082955313916,-0.0002139998975060342,-0.0013747576653359017,-0.009285502710378979,-0.02183380132423196,-0.01120923330197321,-0.0028914037759056876
2024-11-14,0.006780317535256319,-0.03073092222826901,0.002592313134157642,-0.002060610316814593,-0.013235903548284078,-0.023464844572816945,-0.0054412006782195155,-0.0010721990318725005,-0.004042149859810995
2024-11-18,0.0072957538290263635,0.014105215788966508,-0.002784473419200628,-0.028478732993914346,0.001287788188943484,0.01392690706402,0.012496114753254517,-0.030487913832216385,-0.02443991502357068
2024-11-19,0.021787651895904814,-0.005179735476667391,-0.003470388251280321,0.007342193523158791,0.001714675155548795,0.00042929042999539924,-0.013876960193741517,0.004988235589244772,0.016550708849205842
2024-11-21,-0.0006027482707913201,-0.011429827600951459,0.0011608902495854334,0.005096606227521727,-0.021825169447871273,-0.0013322459654772079,-0.027708577665941148,0.008243339489815371,-0.008629881230228453
2024-11-22,0.0025270583179546335,0.026208571636080702,0.02199031995076961,0.037185432117766926,0.03828060970790492,0.016325993943213657,0.04521296235010985,0.042169676446627946,0.02602537806548777
2024-11-25,0.022914698246347953,0.010714642341232317,0.017917885150552593,-0.006597419333014054,0.00452965144533124,0.004293995404873074,0.034801759459329284,0.016609362701857755,0.018892630131575272
2024-11-26,-2.7922993511175775e-05,0.0031358480482466256,0.0030746671238117695,0.018230372496800484,0.00041954127205667824,0.0036775963936055422,-0.005980184363089669,0.008713452401425847,0.011245562565423972
2024-11-27,0.014981346850194921,0.003105785976875275,-0.0032568849888804374,0.00018191247821630618,-0.00010498168259109875,0.0038405431033887716,-0.006314114572025797,-0.004629432644231102,-0.010356528976470547
2024-11-28,-0.010566711904950399,-0.009932099624544333,-0.011032513926474086,-0.03525593238658087,-0.004298033583488792,-0.016579118671270487,0.00569475452884971,-0.020230488043083916,-0.01835642864283804
2024-11-29,0.0016173373374064326,0.013788511724562191,0.010689206013412278,0.0006463363599944483,0.0038956485797787543,-0.0007153936767363422,0.00011927397700106646,0.00611314310922384,0.009874078024720179
2024-12-02,0.0048160723939409955,-0.006810398695555997,0.0034997122208630937,0.011814808806523525,0.000943785901445171,0.0076970145317005745,-0.0030395281143177355,0.0013580852690118217,0.011594807114723826
2024-12-03,0.011968727349159325,0.0014924962970928046,0.00287435517940704,0.0065431593850751035,-0.009744334329235937,0.004374109887475663,0.02098276947337152,0.006102944820640666,-0.002138512188539221
2024-12-04,0.01850737844170225,-0.007390772050263283,0.005846840953402932,-0.0015062552837005194,-0.01153319544443876,-0.0017243213658564294,0.006733446045924962,0.01200391689393654,0.008057564749962554
2024-12-05,0.0030375035376459802,0.012213436242795694,0.015538955768787277,0.024136573230342462,0.0008563639703098591,0.0034102112302722976,0.006688409998069966,0.025181329104053685,0.018027240789828314
2024-12-06,-0.005306231280730711,-0.0043292520044494465,-0.005798739504499606,-0.0064345542409252054,0.007807438149138646,0.0010153816134350624,-0.0020798653623318453,-0.004155321460909467,-0.006515240461190008
2024-12-09,0.007624548819251897,-0.03343675788943434,-0.004854203101657517,0.0006501854090810166,-0.013159257703083238,-0.01717528276706992,-0.006484154426468991,0.0014958484015623608,0.021523550950154124
2024-12-10,-0.0010160284659987973,-0.001416122523339114,0.006163448747871891,0.012944166383218825,0.001075368911579444,-0.006460698511828955,0.011013337166473791,-0.0044022677606742056,0.014321005173409285
2024-12-11,-0.0026765342702549377,0.0016684013435577238,-0.0022172618937548183,0.01313796061585304,-0.00042969987746899196,0.012012001247039938,-0.006801167042168821,-0.0011505234748339088,0.002921227760983358
2024-12-12,-0.002066410548986708,-0.02348687066865429,0.0013182461821501512,0.006509103009940453,-0.009994547120712127,-0.007585814736759566,-0.009168931409947345,0.006211245078382666,0.00032344814688967105
2024-12-13,0.006723119648891718,0.019254311103071187,0.011773636785378017,0.0063915482388325895,0.020408114321893267,0.013241630051050501,0.009195215529865797,0.004253650853039748,0.0027500001316544953
2024-12-16,-0.0034994000546900716,-0.010020591096486009,0.0008921563686510314,-0.009826420951567383,0.00021280561339609427,-0.0065453535904389515,-0.0006963545736895504,-0.013120403658732238,-0.0024196864606479407
2024-12-17,-0.017129482565494958,-0.001225609060868993,-0.009174604523607521,-0.0017423780165594094,-0.0011699682376159481,-0.015991011330576788,-0.012079713963018324,-0.0196369201270421,-0.0011320733261750426
2024-12-18,-0.0123006319336868,-0.001713728620214905,-0.014695336898527867,0.001290084155911142,0.002023163006485751,-0.006763561158017906,-0.014578765314833264,0.00447050050850839,0.012141944452467301
2024-12-19,-0.009499073720226958,0.0002755020112490403,-0.020735862277997175,-0.016648578760501076,-0.008395252676452358,-0.012636959347724241,-0.006383181027400209,-0.01746850860983762,0.0004797931276170342
2024-12-20,-0.012266490365472671,-0.010996498906092556,0.0011656002071582794,-0.012357441090417698,-0.00407248801955129,0.0014349760749288176,-0.024975908361312582,-0.02378337973576683,-0.02414064323278986
2024-12-23,0.016652554470470093,0.0021423587765383445,0.006519723533780608,0.0011185690371955381,0.020660816769209722,-0.00550029336044533,0.011268499176348978,-0.002877449611632832,0.008846528297124845
2024-12-24,-0.0016102191210085604,-0.0014323086651218953,0.00034699156510753504,-0.007924952618270753,0.008855903016604216,0.0070180228406839795,-0.011082050467457694,0.005098178457587199,-0.008444349753665925
2024-12-26,-0.004087635638419518,-0.0011988690750013298,7.699820049889006e-05,-0.0008642859696327276,-0.0031351486813409046,-0.007753839967768239,0.0004926114039731644,-0.002488246987224052,-0.0008188469368310969
2024-12-27,0.004188217402619765,0.0036437733738174938,0.007862314302367057,0.004901922993163943,0.0034595657723501816,0.007302808309993525,-0.015754807205981103,-0.0010193758534774444,0.013276533055742279
2024-12-30,-0.011316565940579282,0.0009610296069124669,-0.009865813162376558,-0.005608470493319584,-0.0033430077123897117,-0.002632242432517806,-0.014193791712010406,-0.0014526816183988434,-0.017470031475968595
2024-12-31,-0.0028404389771858884,-0.007104621415063295,-0.010041365130055269,-0.013641145233719731,0.013941230608476296,0.004699293888483114,0.0084358809389955,-0.015388998234404316,-0.006091433134930768
2025-01-01,0.005584146155594105,-0.0020414550881483473,0.00156053181895488,0.0013298321284151982,0.0006203988727344623,-0.00036855166056304345,-0.002201348471810527,0.004310417934273447,-0.005135221126312484
2025-01-02,0.0061702983181806115,0.020627744493558975,0.005414204673572787,0.04002658268489534,0.010538166668315085,0.014267544563848489,0.010085733285525755,0.015392184653675534,0.011655056130929875
2025-01-03,-0.024836283941186754,0.015295384767752829,-0.019796998391386045,-0.0097556146942398,-0.015233580680640513,0.014771410805481056,-0.009735424605322063,-0.01816443582868099,-0.03077666280243807
2025-01-06,-0.022124311924074824,-0.012488327133121202,-0.0007509769117627352,-0.0004642245039229165,-0.04547807277789995,-0.021364271240969845,-0.021426741879661537,-0.001195123989486846,-0.0005094783088062105
2025-01-07,0.001695341020026886,0.006144402403263971,0.011984860184416135,-0.0036122687163170353,-0.0035015848443299413,0.012654487011953375,0.003026749572959897,-0.01628812221798359,-0.000849563348775173
2025-01-08,-0.01114732237242666,0.00426625615092413,-0.012116498550778121,0.0011911837561069394,0.019156570178914034,0.0032764230841630937,-0.009759202333695538,0.019884323554341332,0.011902782227876996
2025-01-09,-0.015640693917462478,0.01432741491696099,-0.0010681986534116783,-0.008198986696004718,0.0012234641846347039,0.016284699007353742,-0.01387538330122673,-0.01692871102126492,-0.01764410405648198
2025-01-10,-0.006625543270068146,0.002730486374521668,-0.009941440575865546,0.02589567172437679,-0.011552993602421457,-0.003612539274021942,-0.022618213483880156,0.05615455705672656,0.02822441244109264
2025-01-13,-0.01563300789054567,0.0036650818177894617,-0.01608188990699455,-0.0024148729027209104,-0.01314901033223459,-0.0046932212704627885,-0.018499788569058206,0.005966239910261573,-0.02894696735250113
2025-01-14,0.009657521848774886,-0.03388421938106578,0.008578995146031776,-0.011288274775039686,-0.005580287662463546,-0.0081793518875376,0.025565469380488315,-0.013528092045622886,0.0034264465182864967
2025-01-15,-0.0021559767343256597,0.002132763728294851,-0.0016529238731658458,0.004948280229359003,0.0017179126836734948,-0.008742485703636893,0.007418274648842482,0.0039098670014467984,-0.0006830159154714854
2025-01-16,0.005477639716709337,-0.011799487302270095,0.008762404166947624,-0.010873780624752305,-0.010289283235380475,-0.013797555406640183,0.016717460185813993,-0.01018920685557756,-0.015718434477432708
2025-01-17,-0.00926122024099274,0.0038378649192425396,-0.018933698473431293,-0.058596278764030174,0.016980579209504132,0.022080717378024195,-0.0028709154048031094,-0.0014527372992808596,-0.021176639985931223
2025-01-20,0.008858957987167182,-0.0037382674111301473,0.00612024591804583,-0.001184172586664256,-0.0056792754005213775,-0.001443080552939957,0.019827280085875865,-0.011274603887530876,0.0649049539020854
2025-01-21,-0.005359553978894871,-0.002004065171240965,-0.029847087515220028,-0.006948774499950794,-0.00034279266816927834,-0.00792690045833433,-0.02592242934157929,-0.010287325497913558,-0.006327971997794113
2025-01-22,0.014399739783524046,0.0010467519826722338,0.0035947765854835723,0.03096020848551917,-0.0012569445764274434,0.005167390449187792,-0.00737761427554906,0.029919326650868383,0.0360313960381875
2025-01-23,-0.0006902436675249035,-0.00906982864929462,0.0010830240564758675,0.004847909433837616,0.007322731460484455,-0.0040085699531187124,-0.010020550292355601,-0.002682432479648833,0.027822818260380133
2025-01-24,-0.009069579141327888,0.01998539837514346,0.00619928337131781,0.005360683242882525,0.003180300500834621,0.0040700539334603825,-0.0023461079790625394,0.001664335017551588,0.007554174680874937
2025-01-27,-0.012122761937365167,0.010451466081165872,0.01550613138380208,-0.028499785921222598,-0.0033967771126504065,-0.015014155648540806,0.006786221067990983,-0.02100015711796388,-0.03795684667542476
2025-01-28,0.024910995828746785,-0.0016716430442005326,0.015432250267522374,0.0042535591128001204,-0.010565693986624991,-0.008483805143165046,0.00427124131678247,-0.006112843675815771,0.005464509181041466
2025-01-29,0.004130751303307534,-0.002051235826129094,0.003809442255192863,0.028145895061457038,-0.004822636197299612,0.011315725775649543,0.008040933192449584,0.014726511264856912,0.029150204433623594
2025-01-30,0.008465988045161854,0.010402942445256746,0.0031557720948764967,-0.011322317776489843,0.0065767287249274275,0.01680653436909596,0.005471669753638997,6.0929697232925406e-05,-0.011041712044638441
2025-01-31,0.004286143527001629,0.024929981299443016,-0.0022299148946676173,0.010672455443871964,0.025905520538531457,0.04322728300465317,0.01350647679624939,0.0030121708433616945,0.00938504834361864
2025-02-01,-0.004591654064610928,0.01508824878116144,0.002195033460636431,-0.015134633072867887,0.03363120820543131,0.006052132091013407,-0.0089274724325773,-0.009544269528987348,-0.022763758521966104
2025-02-03,-0.007658376597711403,-0.025578125972034793,-0.0020310168506796344,0.00645477951097484,-0.017727751864433317,-0.004339827707358301,-0.006592645773996986,-0.0011047164540430865,0.028871436705837583
2025-02-04,0.025566239890489006,-0.001596996782587068,0.012130889713115378,0.01905222696767961,0.0017606869027071426,-0.007617336694311416,0.02398315888415259,0.009437939422646258,0.008450270974214469
2025-02-05,0.00982041321395477,-0.019277733867060998,-0.0003942948015649428,-0.0009217054721769591,-0.01537955255646506,-0.021961866941550112,-0.016876313162124346,-0.0038835152073186663,0.002687742519353886
2025-02-06,0.003481369617795549,-0.007674527649981666,0.0037075420067769205,0.009804730879376944,-0.015731257687170985,-0.0042241114199147445,-0.018014523192878773,-0.0020410710918766783,0.0026805379236019
2025-02-07,-0.006365263493061657,-0.0037297639269339156,-0.012181631928573244,-0.006264232941628811,-0.02323742528564965,-4.4973606806886224e-05,-0.02000660969221235,-0.013067176728396412,0.00015722173334453693
2025-02-10,-0.009810946181598723,-0.0010153746209569103,0.004534882412209784,-0.012265843661990572,-0.008471536303832239,-0.0018200728893219553,-0.0005426276454469914,0.0018737428772446219,0.0033018400583575414
2025-02-11,-0.008363660408577389,-0.01956432765378957,-0.007801328543657449,-0.0024730180813462566,-0.02083345436711903,-0.011503570040932498,-0.007736113929001975,-0.018181956965743873,-0.0189624442991706
2025-02-12,0.0031738693122389527,0.0074506702929115765,-0.0007583502979394696,-0.0066643129112552435,-0.004613819451459666,-0.0007971235292228984,0.002803988943804958,-0.0033809390108043846,-0.008945593778766026
2025-02-13,-0.005331687981506628,-0.004715932718833971,-0.002316674405292707,-0.010680836817441808,-0.0004878511742721914,-0.00738455578169972,-0.00750185788557467,-0.010126136469648217,-0.005319278662551996
2025-02-14,-0.0016787546083585347,-0.0013569304346354727,0.00896790493122479,0.007134110893326717,0.001342361720168439,0.008403926375256887,-0.0075585611370441175,0.006316918874243349,-0.00145831048688283
2025-02-17,0.013275527827093958,0.004766273999621484,-0.007102610795437392,-0.007595406684104078,-0.00402184129451344,0.009404109313790432,0.007685359364976163,-0.00771319560347461,-0.008925718543654315
2025-02-18,0.0033190924250390275,-0.01433837676799965,-0.006474032245394001,0.005238049822633206,-0.008198786261233826,0.0026618559906550487,-0.0026109801309862624,-0.008016317136195106,0.022433302034114755
2025-02-19,0.0024084914347874964,-0.01986060366956366,0.014963245270157799,-0.022219803205937083,0.002837762172165137,-0.007851903216425482,0.0020666646021751944,-0.023004206023551577,0.006085789582656931
2025-02-20,-0.02321676029499764,-0.0010442439683613358,-0.009273618095572256,0.007924658002033347,-0.010703745354408656,0.0008162887502398686,0.003299912177547437,-0.0012421645514938406,-0.002547092708564791
2025-02-21,0.0032007714646093977,-0.0028471042734105056,-0.013600577727836072,-0.005561200683328216,-0.0028604274311857525,0.003715876365766313,-0.010552325152296427,0.0017464728039304767,-0.02218306813303972
2025-02-24,-0.00909894534719069,-8.918098248822393e-05,-0.011841478808514938,-0.02804411435274512,0.002494490963089957,0.002460512447622243,-0.0077562022065991165,-0.029160071743864924,-0.03688597998908205
2025-02-25,0.0031303730207494773,0.007963662386152315,0.004760558064622611,0.0020407353401228345,0.007340106082881492,0.01351103674793741,-0.007677257274678828,-0.012528567566650106,-0.012709638275792523
2025-02-27,0.01090733369971053,-0.00635149828974424,-0.0013887422045287812,-0.0019233885310955268,-0.00802768301691592,0.012353458489722247,-0.009846634054745507,-0.004683778493867252,0.010985264730338562
2025-02-28,0.018639454545123835,-0.02436588512477178,-0.015010820989428963,-0.043416699975758144,-0.01643426334169329,-0.038868448969898384,-0.021451950943264353,-0.035792013209239415,-0.05721563414043285
2025-03-03,-0.01780761488497562,-0.006117845206142114,0.0017439925937270395,0.012383754294494898,0.006202611520202961,-0.0018722788803970936,0.009436638152801935,0.0028135437896863458,0.0212496635710413
2025-03-04,0.004965972638943494,-0.008957976837076331,0.0034820147406615654,-0.011881028619599165,-0.006541765900760832,-0.017867494637214043,0.02984323784391485,0.011165042155250493,-0.012519810753408689
2025-03-05,-0.011695912779333906,0.006072144228523868,0.004378702422326519,0.013741593192830193,0.025832521803616393,0.023526696282312187,0.01997064386043057,0.004246781429235957,0.018214369548238185
2025-03-06,0.00071003759926902,0.02234567751316119,0.0019331648108755761,0.0025416365463410973,0.0016048536364239308,0.0019116782007988498,0.0023276907824127946,0.015379051310193015,0.0028059556439332667
2025-03-07,-0.001153001575254331,-0.006489519034002633,-0.0028734996636491372,-0.017396664204306744,-0.004436818452259184,0.016922560091375827,0.0009562150790771717,0.002665406582327723,-0.0038475190034055196
2025-03-10,-0.0010359770021162173,0.01959572392540676,0.0002469258341342151,0.009163670453752548,0.0027234333266346056,0.004445082632155817,-0.0052541163447406,-0.005967531091382594,-0.013693738405715972
2025-03-11,-0.001185149189864565,-0.013702573079283575,0.02514720761194389,-0.02342121669655861,0.0029629915167150855,0.0013341901969798897,0.0013032980838665331,-0.003997593591353765,-0.011214022704643
2025-03-12,0.015218078098763188,-0.01084820410141818,-0.0011643391407398784,-0.042579398228760446,0.015263407458791178,-0.02482885560983983,-0.009316970470412356,-0.019327123899594456,-0.033123264229083516
2025-03-13,-0.002659139307361391,-0.008253815630805739,0.004903776646714375,-0.006914554741923595,-0.0008487564613711696,-0.0016169257842068019,0.00663853101738332,0.0013832643598141736,-0.01694285772699433
2025-03-17,0.002226763161670142,-0.0016324202923173603,0.015159418929287405,0.006456418973047606,-0.009950152591749473,-0.008029351066681789,-0.006457373371916653,-0.0038022832835210574,-0.015719695309422854
2025-03-18,0.0,0.0,0.0,0.0,0.002818902710171045,0.0,0.0,0.0,0.0
2025-03-19,0.019702954032589037,0.013264288079902542,0.03475167673205126,-0.00220119949880182,-0.0147885673261271,0.0044380472456084785,0.030353250678354593,-0.00017143266072372487,0.02251303690873252
2025-03-20,0.014133315343839437,0.019249506474348976,0.006549410190538341,0.01827870003064147,0.002233034519451227,0.017193185251497933,0.005972383180096408,0.018886971476702152,0.008656336057871084
2025-03-21,0.0009046361184625873,0.0016946480037682843,0.01619131941565044,-0.01423669630787694,0.00396084573243094,0.021291489606510172,0.004869634586773808,0.004195821248133225,-0.013805992282208468
2025-03-24,0.016748071829424838,0.004451898037066915,0.011205459247430216,0.00012556057350643357,0.01319199094578316,-0.0023360051487283373,0.036643638247719545,0.014211451638611594,0.01929628236002867
2025-03-25,0.011916674078431333,0.006692828171197096,-0.010639562045197226,0.022413970241382142,-0.0026771147271890117,-0.0038434729183529637,-0.010181875768341286,0.00793616435148814,0.005939079028627781
2025-03-26,-0.008180234130266362,-0.011161162443284467,-0.00580483653985675,-0.01780823725710945,-0.005978448471442133,-0.005055857109344086,-0.011451106103507858,-0.006000896305467518,-0.013284121236136204
2025-03-27,0.010406533129113216,-0.0005787879529295381,0.0005614233726158879,0.0025633983769544066,0.005155282425441943,-0.0006239592438919139,0.0108638429856458,0.004235566994589046,0.017950679546816284
2025-03-28,0.0015612884510065594,0.006326155994816229,0.008753179874754213,-0.02051698539435487,0.0007326584722684437,0.0038803295163292173,-0.0010358513062819208,-0.012338423146464272,-0.036554031550654176
2025-04-01,-0.03301056549507253,-0.011067471696451614,-0.02217522574820463,-0.028109470432211014,-0.007565545408876662,-0.007441980065647669,0.00025929187735318493,-0.015348758763515047,0.0013346057195300354
2025-04-02,0.01643240622455666,0.0018128881689429832,0.009708397271479097,0.015493042979602967,0.0059017816929125555,-0.010429739194180221,0.005507293709045902,-0.0019291182762901649,0.003808120331132425
2025-04-03,-0.0011408792385178002,0.002971569595393131,-0.0012769245440069632,-0.03460963993469013,0.0008556300066573375,0.0158094419798831,0.004188426222918151,-0.03972969790856262,-0.027503785196759445
2025-04-04,0.012508102808265864,0.0,0.004324741122012421,-0.029969894050944523,0.0007329030369902512,0.007347581318703167,-0.0150796057407383,-0.030486510573515813,-0.039204276635471214
2025-04-07,-0.032796063660856634,0.0021607306670548,-0.03575976829153704,-0.03781898319659427,-0.00890906235119937,-0.005813071014177051,-0.026776935213483344,-0.0076831337362403,-0.013804345396029705
2025-04-08,0.006514305125184139,0.017715826065732854,0.009591809262139872,0.02294613852284555,0.016007918389202347,0.011738618458951189,0.029053387915586537,0.005772636293749578,0.017908679513572334
2025-04-09,-0.002345801522980695,0.026537201643435537,0.0006924228012925582,-0.017567281209237007,0.00908979871995208,0.030522113325539557,-0.03434813330856734,-0.01407546909601276,-0.04287160170410964
2025-04-11,0.0236544169281383,0.0068722970174794895,0.008340961704316863,0.004096401486204604,0.012611009752760083,0.00705797193315072,0.01569646098764843,-0.004651133480879199,0.01309950778040414
2025-04-15,0.032184884980663186,-0.0019651989237170486,0.02939041497878314,0.011742115046689428,-0.002727959967539384,0.00275258862850003,0.012801005619859085,0.005168018842477862,0.017726835470846414
2025-04-16,0.00702450716034142,0.0021596473302543107,0.004591958287722964,-0.009046260651538018,0.009633718672016345,0.006503655931753283,0.01080555745604106,0.007881298186006802,0.01495895603445696
2025-04-17,0.015282161735410194,0.0035493142128590893,0.037083413329667136,0.004528978176036924,0.00659676103003104,0.013972294734055035,0.03330091016410286,0.007666755184913887,-0.04340804306794954
2025-04-21,0.010699113012073935,-0.010105241205287774,0.002203848751369586,0.02219102456673716,-0.010298370830769232,-0.007117490718345332,0.024139465876529265,0.006881139068391828,0.0065428421957201
2025-04-22,0.017954439509512587,0.020289249620973893,0.004752435092910456,-0.0194348548557427,0.025422726566656673,0.0032926052653126092,0.006979344491573558,-0.002167625937082307,-0.018033120571966377
2025-04-23,-0.01926901507209733,0.010463986031709505,0.005577103558739305,0.036617819233935034,-0.006342293428511447,0.010841887931217986,-0.010882830245987352,0.029749006404142797,0.04035878565986151
2025-04-24,-0.0036903888094410586,-0.04063853907990189,-0.01523454967805582,-0.002372968996909086,-0.0018568862360562877,-8.225139490569688e-05,-6.146088152658713e-05,-0.003340200472712218,-0.0034893863542894143
2025-04-25,-0.002921576166589168,0.002967237205854678,0.0014971588009118353,0.005980657611814877,-0.005231871510247177,-0.008096249341909334,-0.018133758426896573,0.013640737456847019,-0.007620989036190462
2025-04-28,0.004709102164633272,-0.005831412309295181,0.01708431976030833,0.0012835755147759809,0.002337489273650739,-0.0031075102334283677,0.023414441040042755,-0.0013052299887321706,-0.0016603943895484585
2025-04-29,-0.005936862294536049,0.001336965205874563,0.0006998644093421102,0.01039078217916245,-0.0065298400466319295,-0.007689160950815288,-0.005872625088933048,0.008421807124494807,0.0037421505127870347
2025-04-30,0.008486976406088864,0.008786785326020397,-0.001958318664440739,0.0017361444785091162,-0.00046948811419667,0.0002932079311919189,-0.02941352480103654,-0.005414149919182321,0.0004142884146882686
2025-05-02,-0.0016102925038007365,-0.01003380059074066,0.002172325027408384,0.004533080174566884,0.00868957252042768,-0.023616136530440923,0.01020731519387219,-0.00657264305260008,0.0007452913704617536
2025-05-05,0.007752685520943103,0.012938974889676436,-0.0004894339889455201,0.0011281351707106424,0.017345788819112196,-0.0015438710433746117,-0.00840969003979386,0.006791041117273355,0.00782035879424181
2025-05-06,-0.002633273078652243,0.014135931761820153,0.001539072687191334,0.0019222335599169416,-0.00320405869220286,0.012155358036339825,-0.020126603617315997,0.001650242118136136,-0.009771314403215103
2025-05-07,0.00719578819246669,-0.004618319714167152,0.002654438080926802,-0.002117027377587677,-0.010102194150089061,-0.007680911077745933,0.0025836468018172187,-0.004306380205367777,0.011816307938293358
2025-05-08,-0.008789065604971169,-0.0067066004417928315,6.96732129206179e-05,0.0020553566388743505,-0.0012756520467507304,0.0009835810170444326,-0.009148338222095154,0.001102879289887282,-0.01012123109957952
2025-05-09,-0.020119293732347665,-0.009342254752482404,-0.032462541688543345,-0.0025143231014952416,-0.016372458885731356,-0.006536582304261129,0.013329056316155663,-0.0024934098241680136,0.0018213614840616454
2025-05-12,0.035720000387587714,0.021261172960622687,0.04291159071909223,0.07913246116155648,0.028213933870490537,0.02511410297749994,0.028745634159635713,0.05234998841473315,0.06309663529809639
2025-05-13,-0.017678378967796227,-0.009443801039904498,-0.012357611339645969,-0.035835114916147326,-0.01745129985454641,-0.005705231203266603,0.00012465345562673313,-0.02911273874872211,-0.02219368015951184
2025-05-14,-0.006241487228413334,-0.004025453907936405,-0.00307564941913141,0.015172809993738268,0.002804494844620864,8.434058454365179e-05,-0.00130959119461449,0.009587469491247003,0.0054457184287908245
2025-05-15,0.012142801731333419,0.0019994403978782493,0.01724870773341669,0.012936404561301185,0.008273042648882178,0.011685853138094338,0.008804755234989248,0.008791934930314937,0.014351303550236949
2025-05-16,0.00046537474951069413,0.01112441810354392,0.002205622187170464,-0.014321072691550585,0.00704966463468959,0.004461934946201396,0.00031571637015592735,-0.00519563059038286,-0.008808602321775827
2025-05-19,0.0020675051196825667,0.0005458674296001664,-0.0034387583583165293,-0.018932039218693353,-0.0008033673406815378,-0.0004151499333887587,0.0036611848294998417,-0.011933779523806254,-0.010066403721194161
2025-05-20,-0.012276245485088433,-0.017459167067130243,-0.007453487544864634,0.0005128681148161007,-0.0010336792706490128,-0.02047517709296054,-0.011760975579795607,-0.005825915634333101,-0.008103237890647597
2025-05-21,0.006214444699292221,0.009738894187570457,0.004519600144412328,0.005062187911810678,-0.0043687532107895555,0.01445835564657827,0.0018455433422233103,0.007860939555448976,0.004845581640134489
2025-05-22,-0.003581070429987232,-0.01404444182650011,-0.0017996720468936855,-0.013388654644057363,-0.015935377928433136,-0.012914857340071029,-0.002350369258441787,-0.013840851271668675,-0.01984696077232795
2025-05-23,0.007135748376859485,0.012228071564196696,0.00533948590601252,0.01117940356372582,0.023938050158127444,0.022314427389213742,0.006685768863419206,0.010813923443102613,0.005773766027783456
2025-05-26,0.0034132505528097212,0.014793108950611256,0.007449204646057028,0.010033186936206917,0.015127206367598456,0.016401685293173873,0.004933617222090403,0.006458753535954376,0.011643003303168697
2025-05-27,-0.007164136123751441,-0.005805892988653527,-0.009721974357097762,-0.0065801223955090915,-0.020320595013891496,0.002811541916442728,-0.0008811835165131177,-0.010912268783523804,-0.007952435020640247
2025-05-28,-0.0014535838723096495,-0.007646519108567396,0.005116182076446929,0.0010827252176117685,-0.013730721305123872,-0.01702618798690425,0.0035907465567659447,-0.00028588005902119296,-0.0033031563572660794
2025-05-29,0.0020795436543044055,0.001989916409404602,0.001857113761925433,0.008779731645663036,-0.0034507917935531207,0.00661439104896977,0.0010043158687194076,0.00011445693649836386,0.01095259652389724
2025-05-30,0.009027251979717876,-0.007774605058026629,-0.007346274629998373,-0.0005756238745827646,-0.0016716603678992303,-0.015934339305968992,0.018749623960350847,-0.00991978967172169,-0.001878916896004057
2025-06-02,-0.006581369672977289,0.00992217948272689,0.003250745215920059,-0.005695232981576481,0.0029900583299495853,0.004214990759937809,0.0016619926645102812,-0.00392664840215684,-0.007970527166353047
2025-06-03,-0.0038817489411315798,-0.008137971005254374,-0.008686672243559568,-0.006950733703624312,-0.005604498222303356,-0.006192130281708175,-0.004731809138537546,-0.012928345716469614,-0.005894692154333914
2025-06-04,0.008625131877934011,0.005186364528120713,-0.0047986655582820115,0.005314279113993958,0.00011986106876626934,0.00255087184507663,-0.004075065254029675,0.0016887977700275059,0.0025992558497356377
2025-06-05,0.004327216467577832,0.005032783708078137,0.016631750166401726,0.0019985095671264386,0.005035952516795783,0.0015850464230353634,-0.000619962802231866,-0.0028985790564778346,0.004374977896233423
2025-06-06,0.014926146012341546,0.0056387216986206745,0.0033681230947397722,0.006112110512533464,0.004652831531903212,0.006621367024617131,0.008746883117827231,0.0038858841517119824,0.0026215862408853763
2025-06-09,0.00010116718671682179,0.0014228193589582716,-0.017058222271624457,0.00581914423398433,0.004750050874109624,-0.0007861151807111444,0.008609556737097401,0.011140036910046058,0.010861296086287942
2025-06-10,-0.006872483345676805,0.0008356473030193268,-0.008293893208633829,0.014686255064056075,0.009336982683898931,0.006665855678208432,-0.0036583135719250315,0.011981577541697375,0.014246480331394418
2025-06-11,-0.007581607855601802,-0.007849024340186861,0.005692589285652527,0.021992427602813613,-0.0019907013044704325,-0.00501760989061395,-0.002447830646693294,0.002598957423989301,0.01589054124817557
2025-06-12,-0.0035889934826710546,-0.018389174022643173,-0.004053127867115203,-0.013794385759992811,-0.012084940481534745,-0.013888847850108466,-0.011164929418107095,-0.010858568705557015,0.00266476674614724
2025-06-13,-0.01327571261741145,-0.005873012336864769,-0.006385034975018189,-0.004102948788338834,-0.016864605878637362,-0.0036887859501901765,-0.016874541119307307,0.003348655183431637,0.002311187826231631
2025-06-16,0.009282444635375642,0.0036221678559891224,0.007626566155874759,0.013608076804470182,0.010389055686018889,0.00546950698005122,0.00018934109760215811,0.014685126083109568,0.0102994156688343
2025-06-17,-0.0029968013237066105,0.0005156918502418062,-0.002593093022287496,0.009914972217133888,-0.001913013430878574,-0.011632760687636967,-0.00025238133379335004,0.0054341774683452915,7.607231763584466e-05
2025-06-18,0.002228453548387188,-0.013441546820589068,-0.0074479786737325915,-0.00426852522109733,-0.0035936724850077484,-0.00897552081354902,-0.0005048130570093345,-0.018177687536632736,-0.005020755296337165
2025-06-19,0.0007239357230035548,-0.0013494693851309192,-0.0009201968892172951,-0.008879908596744035,0.00024047719665620804,-0.009355762649397192,-0.008587004190530823,-0.007938764629718986,0.015252855479270577
2025-06-20,0.015191396690230174,0.005230570043370797,0.011195305087796426,0.0027805113022407735,0.006129720561526719,0.017896387122271706,0.014074702804414363,0.003417051109898095,0.0036147869902525276
2025-06-23,-0.008296384736435458,-0.003110950104474597,-0.004905059240410181,-0.023969443892467135,-0.011109753808963285,-0.0005507509594804283,-0.007473481158793205,-0.012253634092737276,-0.012380884459070485
2025-06-24,0.006415499914848688,-0.005274425202511868,0.0028166947351533356,-0.0015152020183288872,0.0010873011595369242,0.002840114172965924,0.006580627849533505,-0.0009430275751649564,0.006571961192493925
2025-06-25,0.009842419828163251,0.006893066465391451,0.0011937566355204599,0.0210546747935465,0.004826783225322817,0.016315715773536077,0.005846068941639304,0.0160453458572698,0.016756568235742675
2025-06-26,0.02100796522285253,0.0009216310201889399,0.009328066705784233,0.0006811314687342751,0.009487160797856609,0.011229459652606133,-0.0037497656968608073,-0.000870870975628435,-0.0033036183044767853
2025-06-27,0.0075507467248654425,0.011443270040826237,0.016051679662544283,-0.0049505068195248025,-0.003925742334249915,0.011228136409159761,0.010476176838312146,-0.00020330518217270832,-0.012922620247017513
2025-06-30,-0.006650435554941159,-0.005331740790382233,-0.011215884341929216,-0.0038556766522145347,-0.005254927894982719,0.002684360831189503,0.018562143926865726,0.006073476847233916,0.0035088667986109545
2025-07-01,0.005295988459478762,0.0003921558114285961,-0.009544974796450889,0.00312153433126805,-0.0032417055909751413,-0.022390739872360288,-6.09347162264795e-05,-0.00932986898786492,-0.005376491522145699
2025-07-02,-0.012971495430722624,0.005053471785711583,-0.0029328793105818374,0.0023026840504283275,-0.005179473387804889,-0.009169793100528123,-0.009021045335884992,-0.0018659843240673712,0.009261140140136126
2025-07-03,0.0005538259278525803,0.0027306441346663934,-0.0013307512084540507,0.005091544446949037,0.0009686294730453238,0.00016742382422441082,-0.007135008800504883,-0.00657259017885814,0.00018722340163401796
2025-07-04,0.001107223501737975,0.011195647121677643,0.011852186578961366,0.013591109035293591,-0.001935459653011784,0.006054629649697052,0.005885268422355816,0.005586925711916546,0.011233931057070379
2025-07-07,-0.0009551613067334541,0.030393693598363747,-0.004921085211874177,-0.008350005091420476,0.008726269337846704,0.012245035712464825,-0.006158773357591518,-0.0023686067475168215,-0.008517016834858393
2025-07-08,0.0070444225210195555,-0.007343207303558419,0.004388152784315702,0.007191055606589503,0.0025231941672070324,-0.0017340510324398428,0.007188509640733365,-0.0016120991161009401,0.00709611086723938
2025-07-09,0.004896491971455363,0.01283065156542662,-0.007004104018515589,-0.0030511686780767544,0.005393055091700072,0.004094498836306748,-0.0020919364498351856,-0.0065761867994844625,-0.006860727411124534
2025-07-10,-0.0024860584376457107,-0.006189571465588184,-0.005447364451181214,-0.010956662899005876,-0.006198598496345187,-0.010874072010067515,-0.003637723857975783,-0.0005319569237708377,-0.010268851169332738
2025-07-11,-0.011215205471906686,0.04617176944836987,-0.0015448005549673072,-0.01293482606343832,-0.00011996457121077331,0.0008744481547304783,0.000804485660968357,-0.03429928117242642,-0.025466893959179004
2025-07-14,-0.00035286574796955517,-0.0011906497664453397,0.000773595327975718,-0.0154241157811138,0.006238009111673604,-0.004410190170047179,0.00024726540015862497,-0.013257808478647437,-0.015679406015416286
2025-07-15,0.006303592274967684,0.004092751032867437,0.005481434621515291,0.009743300992206994,0.0064378079359812546,0.009778960934624603,0.00939610168818783,0.009184907616845317,0.012389393086030598
2025-07-16,0.00040088168213570086,-0.0036803319825962078,-0.0030752191960944364,0.014064145503968728,0.005922737790304611,0.018085504940260178,0.01867842460896796,-0.0025298530745393455,0.020979033120262613
2025-07-17,-0.00470873275173922,-0.0030982267880507175,-0.0053982559069619684,-0.015175077511053292,-0.0015308538373600689,-0.004430929799791428,-0.003246377500784714,-0.007392339933730563,-0.008371367335275548
2025-07-18,-0.014847243334064175,-0.00804846372421697,0.005004595074603824,0.0016418501554422704,-0.0028305643924185775,0.009431987093545091,-0.006815469739520519,-0.006013970529810675,0.02436688690397193
2025-07-21,0.02201902118733501,-0.009921263033258465,0.028054428720081903,-0.0011347602410705093,-0.006268428968909334,0.000161838774425771,0.0010324122746088182,-0.00993753160475297,-0.024723796759758998
2025-07-22,0.0032991760470997278,0.006004302677628637,0.00532129786360902,-0.008458021441934749,-0.009759583364853941,-0.011768937185147932,-0.011162353883489518,0.000443283457689958,-0.0024966241166717307
2025-07-23,0.008569600498690821,-0.011815971432174832,0.01017914405334941,0.002291637951500114,-0.002524029018394658,0.0036832375523476735,0.006932545293328207,0.006171631594799054,0.006545942051840781
2025-07-24,-0.004989450728788647,-0.005142011581199424,-0.0034931966046115592,-0.013972644297704728,-0.012049660124603068,-0.05317022127319282,-0.006031818753146956,-0.00978261722643503,0.001721597382996043
2025-07-25,-0.0022894563496552722,-0.00918863546416615,-0.004247047735854603,-0.023703775020223472,-0.0013416690658067942,-0.02045560130842272,-0.01121738908560932,-0.00387550572904638,-0.01012025532839822
2025-07-28,0.0019455374945429593,0.010847149112619858,0.007650225895775575,0.00019796562315921307,0.0012213239446845492,-0.01991565525271588,-0.011654532913239701,-0.018017690431687994,-0.016325763042999597
2025-07-29,0.0065222681533172455,0.004914847042530646,-0.0014781465719727604,-0.0015171907820399344,-0.003537427769028434,-0.002512062911788626,0.0025716461521474443,-0.007566691163780392,0.0069985651191879494
2025-07-30,0.0020775985817720333,-0.0066026780162783405,-0.0025568364522721154,0.0035014405245969993,-0.0020810339247204768,0.003507752532683872,0.003065580792804834,-0.0007853395660833984,-0.0063542763137650615
2025-07-31,-0.0037516524203099477,0.034380940064837384,-0.0006745590098479193,-0.006583293781351474,0.010672242339666793,0.0072595956062715405,-0.006361924113732154,-0.00550169766343922,-0.007593890754176491
2025-08-01,-0.0029729462616011615,0.01289071584844037,-0.006615456142875509,-0.02611007595846615,0.010923647163526784,0.012813173723056348,-0.003201290354713504,-0.011130160551259594,-0.02235201516178109
2025-08-04,-0.010038739519952156,-0.003915932471483252,-0.005708081366281648,0.00741703162040297,0.0009604887344951685,0.0003952786520415863,0.0021410733086035805,0.023776180780896272,0.013594246190453463
2025-08-05,-0.007228927918706107,-0.0035381074955527225,-0.012848522369485083,-0.013644012843117781,-0.006477189914006698,-0.004434834755601802,0.006158053668134489,-0.0034152873530569616,-0.0005689821155511199
2025-08-06,0.0038936454982034796,0.00035510584542275403,-0.0005538275118990299,-0.01616113453257373,-0.005191354508311985,-0.014995795707887116,0.005683298734545872,-0.01031362961830129,-0.024195824982949143
2025-08-07,0.005087379911111745,-0.0071384126173287266,-0.0022859002915959215,0.00013923412260852253,0.0038835275979414163,0.0005821856041117179,0.0,0.004847852218881732,0.009835012260090092
2025-08-08,-0.010774781866765504,-0.007507390102403866,-0.0030549355456342964,-0.009604005658294223,0.0021760288791259352,-0.01861635344478163,-0.0010557493576583976,-0.0034789169525981656,-0.01349460367651889
2025-08-11,0.010993439841674002,0.007924315289801198,0.0004874569780666249,0.003583703723702314,0.005669474393480423,0.0077519301755450964,0.02380955452530964,0.0014490968474112353,0.010750851242197212
2025-08-12,-0.012878308020789153,-0.013738764067174447,-0.0025252354430336243,-0.0028706795318467204,-0.0011994962235452045,-0.012579261799985808,-0.0034610924510827257,-0.0017758673712698902,0.0004138950308043565
2025-08-13,0.005279468138062349,0.004549500935875361,-0.0008438475188994321,0.0017554770431189581,-0.005404065673758618,0.005315798999155463,0.001523275697281612,0.0002636112638865207,-0.00028958722811534
2025-08-14,0.0054536820135935304,-0.005811413521878972,0.00457488723016386,0.014790328304734146,-0.0063994429784222095,-0.006837444266046044,0.005718820157754934,-0.004578083315692649,0.021353204564418693
2025-08-18,0.0062779368958214565,0.03527376310707897,0.005114500461067095,-0.008219856637495249,-0.012516777875505425,0.05021112067450462,0.00133087730607917,-0.003672706444853513,-0.006482683469968942
2025-08-19,-0.006238770289635487,0.01429065007271313,0.0011850503771917431,0.0029252312851621998,0.006891536518633057,0.015120998020196286,0.003322660446904324,0.0016604176937768944,0.007136767836094737
2025-08-20,-0.0014564936214260804,0.024953986588379884,-0.003968581110080804,0.03902772215582018,-0.007455478057435627,0.024883822376947196,-0.0017461610842971487,0.027319174147006242,0.015710980180114076
2025-08-21,0.0015089025619539065,-0.008165465583701237,0.010764731355286772,0.00013369713754762813,-0.0012313234505693105,-0.009157325602712318,-0.003920622416479724,0.0012910117464113302,-0.0037075087942103346
2025-08-22,-0.013358766692557755,-0.006835407821375483,-0.006638987265516927,-0.005947650570352403,-0.017877008101858993,-0.013990254284159565,-0.011444849300379811,-0.015664366032098975,-0.00508183001499074
2025-08-25,-0.0002545047369507669,0.0006465163760913661,-0.0022278426537154505,0.02998317344845991,0.002636272468275802,-0.008513170745298448,0.0002450379259189006,0.028356343190452327,0.02091374843041449
2025-08-26,-0.008808068312638473,0.023179794671527976,-0.011582456148121034,-0.0016317309914584133,0.010016320934213674,0.007979113225363488,-0.010533451518784487,0.005285496242395826,-0.0071304909127324345
2025-08-28,-0.016026336788397155,-0.014187048587262496,-0.012353522731610722,-0.019286073351576283,-0.0060741578086808135,0.00017212950812983685,-0.007303290904511095,-0.020112683883410254,-0.005475568774054307
2025-08-29,-0.006473180503288378,0.0020343688381339042,-0.0009291164180516009,-0.02033200567636151,0.02207533689401031,-0.0053338294314875245,0.0006858130614091351,-0.0029091955483953047,-0.004947050794480101
2025-09-01,-0.00105086173356006,-0.0038724955402931194,0.009443375812542953,0.020277734509112744,-0.00951800662957314,0.01574135581482783,0.004423660801207152,0.00904464140121286,0.0038089717690374947
2025-09-02,-0.006416974271619913,0.010379368606519446,-0.011906483932051737,-0.000466941276740962,0.002217581724289097,0.02256469078707224,-0.0026672829371203743,-0.0003533451922007602,0.002276636107908736
2025-09-03,0.01053468735524743,-0.004594801455843123,0.0020083552762797385,-0.013077982625540052,0.012292502359479318,-0.005079539042792569,0.010262470144858149,-0.004499446500160986,-0.005459649748784656
2025-09-04,0.007124509095290055,0.0007131459682274688,0.006084466714388004,-0.010884952266993153,0.010078951890703847,0.014897835081620903,-0.0033860738993193307,-0.0005811736469528705,-0.018392338314305423
2025-09-05,0.002236696399544824,-0.012450445008735156,-0.0019209898056741226,-0.0125769769170061,-0.020557803713522338,-0.0033811815340343276,-0.0034594128288444326,-0.01531152701079097,-0.005306798552513592
2025-09-08,0.002698749761314234,-0.003607457292958749,-7.135561217985753e-05,-0.008099022909510478,0.0004909728007647107,-0.0172114643165181,0.0027275133568323007,-0.009611990953189209,-0.004719459424076811
2025-09-09,-0.0008798919109084258,0.0068981899003410785,0.0007129108396735084,0.049828968595041045,0.006134186534528574,0.012208562889077124,6.18048883818112e-05,0.010069578197724027,0.027337873649942113
2025-09-10,0.0007770812630454316,0.0005677443533604887,0.00014253276992737263,0.01881273575858322,0.007316175635325273,0.012726716815365302,0.01155966730952862,0.019872846380780684,0.02649009285278514
2025-09-11,0.00196703937351983,-0.00813314465179904,-0.00163832807758868,-0.014941992214951072,0.0048420504598820635,0.002710429225217137,0.006660977909704879,0.004565878514032562,-0.007194504387937117
2025-09-12,-0.000516635675043009,-0.01582768906674259,0.011486854927496015,0.010531906902438548,-0.0031321554294972964,-0.0026212696620357967,-0.00012145525177997829,0.0029446845417238077,-0.00775861686330348
2025-09-15,-0.0002584513627157392,0.00019375840481905549,0.001199177047852995,-0.011274182376637354,-0.0026586183437963262,-0.0041885839491809795,0.0014571212735332573,-0.006861453955542274,-0.0026197234621752052
2025-09-16,-0.00020682716463060746,-3.8706039924951696e-05,0.0015499162561893876,0.0019226002027690203,0.001090519292707981,-0.006845314100701216,0.00824490790296295,0.010861474210583477,0.010864347585368916
2025-09-17,-0.00036197506828850035,-0.004339629854876237,-0.0016882558070341336,0.007344658343813926,-0.00919878973574273,8.306298793780975e-05,0.030785926278514175,0.008614963139633058,0.0005511517370522245
2025-09-18,0.0107605012044103,0.0066545409802081235,0.0017615558666950193,0.011954778850512326,0.005497224592397432,0.003985673181321259,-0.0032666963172975905,0.0012292068544934587,0.010938437300991977
2025-09-19,-0.010236462022813364,-0.010514900230583546,-0.013715974305215761,-0.00025968797861875004,-0.0021868681316851157,-0.012075106204416763,0.009363844125486631,-0.002360987439405493,-0.0040866593539752305
2025-09-22,-0.0027924419679971058,0.004922638146441782,-0.0004991807133426507,-0.026425126300849255,-0.009010043886331087,-0.00519038981094333,-0.008233287861014071,-0.030102187066329722,-0.021689874875399973
2025-09-23,-0.007259904492198821,-0.019438648436952977,-0.005137317996343205,-0.001333781095419706,-0.009214845857266174,-0.01674657554761394,0.017947939884171316,-0.003708740565601998,-0.0027962698560484167
2025-09-24,-0.006425014976631949,0.010823919917684721,-0.00831965663775136,-0.001936594510264844,-0.005456442618254842,0.008729815014139053,-0.00505394383447455,-0.00881670764265119,-0.020189912047982927
2025-09-25,-0.001261776165747075,-0.0043929807277116595,-0.004990166042822319,-0.006556846331885247,-0.002244325240916334,-0.004327184507065374,-0.005830048166475588,-0.025696796412124967,-0.010589129353114402
2025-09-26,-0.005053416767219265,-0.010440116772499675,-0.011775020109925372,-0.0241783841027452,0.012496814003944978,-0.009288423685067326,-0.004877213131229907,-0.01971311453626645,-0.02582649178467611
2025-09-29,0.005555261698125147,-0.005533945782397853,-0.00845837026074081,-0.004900250820714547,0.005307330222540152,-0.008687437413397503,0.016103608841112615,-0.0010349104335581893,0.016500537438185026
2025-09-30,0.0007366223466518385,0.006605562317491653,-7.416036477114751e-05,0.0,-0.01399635248982578,0.0003470499529367732,0.0019523539558210512,-0.0026587491464451496,-0.0011267303148456698
2025-10-01,0.014984227129337446,0.008670125113358962,0.017804154302670572,0.002774316401011667,0.010085979939307377,0.011709697356927062,-0.009570790881153979,0.008932337532394419,0.0071020267665218295
2025-10-03,-0.00010357481060607743,0.0034303039122947077,-0.00495630381058676,0.0005532595939619078,-0.003205130913435439,0.0030006827768616073,0.003703289315407421,-0.00422076181934028,-0.00037334888888773676
2025-10-06,0.008599686663228967,-0.0012180681331118715,-0.001318434531342838,0.020323574709232295,-0.008780645542635024,0.010086174927391944,0.007782774236140488,0.02980804747207877,0.004772206544372937
2025-10-07,0.009296818202765733,-0.009678210348122662,0.0091682556668371,-0.01185641743214716,-0.002370509462834347,-0.00414644025549149,-0.010697300745403315,-0.004919067944453737,0.005782001832843164
2025-10-08,-0.0038676720539122522,-0.006793233218309269,-0.0040700454150528476,0.025025750179790363,-0.0001250806204996513,0.0031440539241698318,-0.007459248428328902,0.017991161865331673,0.003038634349949998
2025-10-09,-0.0016348590999663015,0.006999727770320874,0.0043055550853958735,0.009565277297289398,0.0003752108612553595,0.006183877007374106,0.004485843968467851,0.011396648928765352,0.008719829143176483
2025-10-10,0.0038891095313415835,0.00448832393651899,0.002979289203402846,0.003710288567871922,0.007251849308445912,0.009850071356214407,0.021517282627826484,-0.010909009416472104,0.00933446722483322
2025-10-13,-0.003975965253331659,-0.014274952999645207,-0.0006520498313584699,-0.014324456419739229,-0.008813344049084071,-0.009503930768140711,0.002611693327890352,-0.0069675958634559665,-0.014354632526127675
2025-10-14,0.00015355620681933857,0.0038110251143288476,0.0034072430685010424,-0.002209936955582581,-0.006136535375838026,-0.010605178496315482,-0.006795401684181801,-0.015595864732458997,0.013421389986695287
2025-10-15,0.001125697752089927,0.006673793219888591,0.010331658897740681,-0.010403344749247756,0.007812531285734448,0.039047260785491034,0.010433848282729752,0.006950817837226841,0.007205600757621999
2025-10-16,0.016457935687132608,0.01687175233273308,0.013515463446864384,-0.0019669357420863953,0.013128311616430022,0.04519403531579713,0.0009593010320665396,0.0003030019964651576,0.014387864974988007
2025-10-17,0.008246605730743095,0.01647472111138537,0.013617389467932561,-0.020659205897191613,0.01727751300156566,0.010104937180263951,0.0024804241239670954,-0.0028613300469527703,-0.05086481646474428
2025-10-20,0.00039900695120764773,-0.0035718697021699386,-0.03222882329434007,0.013739511062062615,0.0021836845666660665,-0.0031795429574745793,0.02063765965482589,0.017892104764293704,0.0014114100435969057
2025-10-21,0.004736028657646996,-0.0010406138141958454,-0.005969969457399582,0.00787189948727618,-0.00048412207087478176,0.0014782141012001926,0.0003856480285813202,-0.0028190186560270725,0.0004974044584076243
2025-10-23,0.0010915704799172588,0.003819875142471618,-0.013241714057977583,0.03810099164716063,0.007508734153227614,-0.011263874268979346,0.004075576699380523,0.022117291147932816,0.012180999192525022
2025-10-24,-0.013927426608823623,-0.03274914620101188,0.01026618794550016,-0.0020281085860299752,0.0020435108026448656,0.007228093148204273,-0.007734066027512143,-0.00325396260478783,-0.005403236316288473
2025-10-27,0.008243289476784321,-0.0018279456654053394,-7.256702437452578e-05,0.0013977473055197809,0.009237034703074576,0.0007800304545027004,0.020176893311221633,0.007084074943371377,0.003827505044556867
2025-10-28,0.0005982108566080502,-0.005852320811920997,-0.010525551870623873,-0.0028581248442173246,-0.006537484282543304,-0.009353069774765244,0.008127878623679141,-0.008752273442047098,-0.006272773023110023
2025-10-29,0.004284776887323094,-0.0036042326503255007,0.005355475723625602,0.006799142497118327,0.00885380592202134,0.0015735626032844507,0.010212308519215174,-9.803658569296214e-05,-0.00041259720154607216
2025-10-30,-0.009624399867882771,-0.007435395329936867,-0.005837711513045685,-0.010990449760074128,-0.006759978991092042,0.0054202425780536245,-0.0057462350774807325,-0.007293385117335127,-0.0014859371873676697
2025-10-31,-0.010870146126042535,-0.0016602262283661462,-0.012551361772979885,-0.007698486828288442,0.003820927354463377,-0.00648483718147197,0.0028362224897588995,0.0074786581148711395,-0.00516698093558865
2025-11-03,0.00541885616047999,-0.0022307561107517415,0.0008176433107958125,0.002158774247093209,-0.015225385515566958,-0.003853486442003229,0.013553908438667328,-0.01347284312740471,-0.0007063144052562587
2025-11-04,-0.00745481713802465,-0.005813013143495138,-0.007055852516145267,-0.011847846237588389,-0.012199649040778193,-0.0013420105897822276,0.008318377674385147,-0.008817264726409202,-0.010727686768832734
2025-11-06,-0.0006089577121923817,-0.003966113628184553,-0.012341984964232222,-0.0008175442620259599,-0.003423782045904211,0.0008694867583241006,0.0032894992631291586,0.006922582100761243,0.008952624099328066
2025-11-07,-0.0023866719776828305,-0.0012412081092263438,0.01711600664046209,0.006886273943201626,-0.008466259057174574,-0.0026853901129408886,-0.005100207560824854,-0.00634355297914424,-0.01483022278328483
2025-11-10,0.0022396541121558755,-0.0021540808499896924,0.0037230081906181045,0.024850995367312834,0.0037124090915505725,0.00015842948366850962,-0.004917038543620689,0.011163779777342508,0.014165428515150014
2025-11-11,0.007313369433246564,0.007763181166063449,0.0076409857775407986,0.011100131369755628,0.003205526129140601,0.004117542275264174,0.002260383034979885,0.007206173353419887,0.007713526777471946
2025-11-12,-0.0022184251083501305,-0.0012358393408856694,0.0004417106415148808,0.01398412184599862,0.0003686630015815595,0.007964586267645624,0.004038641215140748,0.027830631258881633,0.01460543960482763
2025-11-13,-0.002880217873610369,-0.006970469104454535,0.019869011343672582,-0.006380036511745346,-0.0031940294622673226,-0.002347048421460163,-0.003291045639361334,-0.008333875712169925,0.00044860701712523543
2025-11-14,0.002989865807409231,0.008348501703082656,-0.009308048334522812,-0.025295108811056677,0.0060388967526290305,-0.002823007026045987,0.01451779411523857,9.660773968067637e-05,-0.003913151415901428
2025-11-17,0.007023052120546103,-0.0011121436858668732,0.004369992716678706,0.003193988955187743,-0.0025725740702854383,-0.0010222944545834611,0.005682698908650918,-0.0012234464423054314,-0.001309444055391129
2025-11-18,-0.004114169521006739,-0.008659793814432937,-0.004060896001405023,-0.0140620532735386,-0.0030704835902592986,-0.004093652283507443,-0.000924604100765003,-0.004867488056444769,-0.012907203566860592
2025-11-19,0.0021663190613752104,0.015640639624064034,0.0070627282652142576,0.03680028947351355,-0.005667170355432627,0.010987341536376816,0.010591791520051741,0.01963000557693939,0.02146120379982608
2025-11-20,0.014327368137732943,-0.0054063707341637235,-7.228370161393993e-05,-0.0029848651345208976,0.004708278152367962,0.00015631444132413463,-0.0012210757639595782,-0.0009212034984726891,0.0007721090644445816
2025-11-21,-0.010705246621725006,0.0021825271953805903,-0.009761388286334105,0.0055320533680442985,0.005919359646533673,0.0011726068223996133,-0.009118243918636804,0.0018442638824489599,-0.007187443489569345
2025-11-24,0.0011021858970474696,-0.003903521465505877,-0.000803195024415837,0.001941747572815622,-0.010543165013660705,-0.008979456266716923,-0.002056343872304911,-0.002983561416866176,0.011370558739617342
2025-11-25,-0.009357990684709216,-0.004166262568705448,-0.007746255040061323,-0.011240325848877575,-0.006814503399106275,-0.004727383033580113,0.013393777382028071,-0.007003684129517129,-0.006591973876957424
2025-11-26,0.014245339255392064,0.004597925962722682,0.012667514032511429,0.01783617487493694,0.0037425122352856555,0.0107664145461146,0.000305051683176627,0.014009973755456206,0.01852303807799416
2025-11-27,0.005578220390228594,0.010926934081123996,0.012509055397727176,0.005456062562934294,0.0049714365640172176,-0.008145432007318432,-0.01123086548829555,-0.0083151189675581,-0.002518113663905752
2025-11-28,-0.0018821440456290306,0.006077475539881139,-0.002442107788387826,-0.004021992294389598,-0.00012368843061572043,-0.004185145770705945,0.006321657571465078,0.00028688878621485614,-0.00012017405669162429
2025-12-01,-0.005458515416102205,-0.0008514139192021819,0.0009360071371753431,0.00249985544201925,0.0,-0.00039647890915162076,-0.006026582649706347,-0.0013067918474062301,0.003005653438717726
2025-12-02,-0.012274212246913607,0.005396651989501011,-0.012301255942925748,-0.0019181585677748858,-0.008163213084571463,-0.0013485045531378415,-0.005960320561591237,0.0007340588719499941,-0.00043953734754098583
2025-12-03,0.010810277166086735,-0.01202681743517553,0.013474144209759675,0.011338854049887992,-0.0011223413456316056,-0.013503839668177364,-0.016799338576522382,0.014127620821389186,0.018067748048617105
2025-12-04,-0.0032983386236569157,0.005800633648641806,-0.0034495500022457826,0.01197189142878785,0.0063669506700188006,0.00040260851579265733,-0.003101847689286119,0.015471687729945227,0.008794944220737344
2025-12-05,0.006117103400788082,-0.05019895051853851,0.004182627123642257,0.011642448591748122,0.004714119081174362,0.00362201838668752,0.02468096721508828,0.002787082121467943,0.011598546031422963
2025-12-08,-0.00019935434014228814,-0.010519155318989504,-0.002082602810816847,-0.0033411103247680263,-0.006544041074046603,-0.025743839588194595,-0.01554294965099079,-0.0005249924905117442,0.00565578513352305
2025-12-09,-0.005981457627386777,-0.003241140881590332,-0.010362712051711576,-0.007325582611392156,-0.003107118809674292,0.000823179972116117,0.0030844323468961488,-0.008713047466769264,-0.015188624778208482
2025-12-10,-0.007321219508283461,-0.002081096391990056,-0.008435119253787482,-0.008880519807301424,0.005236235401566036,-0.005346268877289617,0.0004169744350264182,-0.005953324547110506,0.002214404807865833
2025-12-11,0.010608203808339711,0.0016944634692237504,-0.002640052545021976,0.008329095636787631,-0.0006201290137297644,0.004713405117793945,0.0036467830164104154,0.0008465491838371975,0.004922802078237254
2025-12-12,0.0011996523259776293,-0.019517695217719955,0.004411764705882337,0.00012512588978408345,-0.006949538168056657,0.01917699790572147,-0.00010378986341808005,0.008960177387432378,0.005207394345405403
2025-12-15,-0.005391936509298589,0.0145536144928331,-0.0005856872826683901,0.005381114953697752,0.005498563897433639,0.004199341148448887,0.004256840037388576,0.003011968216487526,0.004374416250972235
2025-12-16,-0.0018070352746569762,-0.0054065412442773075,0.0005860305132872057,-0.008650749310220696,-0.0014914077349360566,-0.0023322037163661102,-0.006306513916709777,-0.007770339685424843,-0.009627801131692593
2025-12-17,-0.010359034415590718,-0.002411117340116342,-0.009956058262033274,0.005712835360954127,-0.00472988407010011,-0.004836365096892559,0.015294127657996315,0.0039624011639174395,0.0074068791594743555
2025-12-18,-0.004369906293667403,-0.004438432599230713,0.003253493296828891,0.015480679667993158,0.0015007336504431201,-0.0008908964931760854,0.0017420835677230961,0.019578614928156046,0.010377592652410561
2025-12-19,0.0059201671130970634,0.0064003531229308575,-0.0019900303250427465,0.007314913933228695,0.0016233780129315534,0.008836615005241466,0.0028131553724517477,0.00036573091478642183,0.002274021352735467
2025-12-22,0.0022323817422944536,0.004166666666666652,0.010634387913515342,0.031061222878332684,0.004114251548904102,0.010286032253842725,-0.006120575410296869,0.013071292969695225,0.0310833845226115
2025-12-23,0.009010796060454851,0.005721815966914123,-0.004018998903909443,-0.01260649092423538,0.011547024979340126,-0.0005567337893871427,-0.002463269433414239,-0.0044813569986503765,-0.004657759873414213
2025-12-24,0.00060208372044257,-0.008859613315025827,-0.0023477264650586527,-0.0029371361689429776,-0.00184112888101029,0.002546695771389107,-0.0030353041803963254,0.0027190469592461852,-0.012306486299186181
2025-12-26,-0.005114356757583871,0.0014021344493639898,-0.006912798997296243,-0.004388630949248906,-0.006025606336503508,0.010240602023861012,-0.0027349444044346694,-0.011750536496638153,-0.006565785973198679
2025-12-29,-0.0004031482600027614,0.0034567895431663054,-0.005257683247612666,-0.006883657135511423,-0.0038352247212103396,0.005814842193023528,-0.0012935941382499205,-0.008689042955559945,-0.007735613032902711
2025-12-30,-0.0008066832541308022,-0.0013518063882805853,-0.0005955846043651514,-0.014045100183458059,-0.0049677319147464205,-0.004609351403957018,0.008704237625320355,-0.0014454498451380582,-0.0022327537367170525
2025-12-31,0.0003027427445529973,0.011221706278844668,0.00029796976838913913,-0.003823354258274958,0.005991024623952068,0.010909631737678005,0.008988648508167163,-0.012504660661718292,-0.0014033730348146367
2026-01-01,-5.043159034823219e-05,0.003065805067423044,-0.0036488378322879766,0.008914215795734926,-0.09714638350096472,0.005434777430065596,0.0025962001234747234,0.006612203436453967,0.015458797843004968
2026-01-02,0.01054325875444806,0.01076194575979339,0.013004502551616115,0.006503850330326744,-0.03792780822846853,-0.011814717480740033,0.014419915924885673,0.007219446114524963,0.006171632411175576
2026-01-05,-0.02406147780888168,0.015374828644058702,0.011878394050418795,-0.02072665172761412,-0.0009997348459663824,0.027272069016942124,0.006606912763688522,-0.010643841898445805,-0.02118961244994033
2026-01-06,-0.015652161425032007,0.017029424878400645,0.028946373439208806,0.0036105121200604717,-0.020732024697277973,0.004031696782792693,0.013276353023876197,0.012344152256602126,0.008735331580560057
2026-01-07,-0.013666622580787324,-0.010434300877474434,0.011692177275302695,0.016623278526118668,-0.003504212879999913,-0.0038639438020500183,-0.011532044085244775,0.012224324718865809,0.019578293194325802
2026-01-08,-0.002476134678008224,-0.005292969779430945,0.00511315337801399,-0.015680263070088518,-0.0010256980549080419,-0.006008493791795577,-0.009085065970569572,-0.0278250498613416,-0.031757651747707505
2026-01-09,-0.008133529214899182,-0.005907677464317196,-0.02139369419642856,0.0004958326000135127,-0.011000239733699124,-0.005968372275424683,0.0025050100200401104,0.0012173295591202393,-0.0009534913861318772
2026-01-12,-0.00218316058889112,0.01416161684761641,0.006266414905529594,-0.011275603399515721,0.0037075303000198012,0.010237903796070702,0.014642703062531126,0.009913396491379345,0.004390114978120474
2026-01-13,0.000426878033721545,-0.006940383804655004,0.01691318719622248,0.0019424622711410322,-0.010933730372212902,0.004800323487863523,0.013101439627595024,0.008766477861553046,0.004180963444472274
2026-01-14,-0.012695325853577355,-0.015065913370998163,-0.012943615578244638,0.0005003432320982437,0.00014931601813650275,-0.008796552148401804,-9.72099671194826e-05,-0.02310284644818661,-0.015140019676705307
2026-01-15,0.0,0.0,0.0,0.0,0.0,0.0,0.0,0.0,0.0
2026-01-16,0.00610509838930362,0.0029317622025706314,-0.005358132723578435,0.05625703041197316,-0.016579515057863925,0.006732511062405022,0.013565491878617442,0.022707686548198103,0.0278631866989556
2026-01-19,-0.0034367428372675812,0.022665650827589534,-0.021406345475585287,-0.0050894173320767955,0.012150627231730438,-0.00022803657986536496,-0.0037417482791518575,-0.013440563249416115,-0.08038896731999823
2026-01-20,0.003556404468307406,-0.014416424083580015,-0.0034766962499584997,-0.013264291818631313,-0.020708286652927677,-0.015126238406779291,-0.0019260400163496616,-0.019376674338055233,-0.024598498941316382
2026-01-21,-0.011651671476440528,-0.004665670716076709,-0.019479610319066865,-0.0027126408667028645,-0.00475024862225315,-0.009647286308819392,-0.0074778076200658905,0.006543547854371168,-0.0014588556892305427
2026-01-22,-0.0017927564759870895,0.009543960158889364,-0.0025945144551520194,0.005500468720774032,0.0003079737276343586,0.01776812121210969,0.019151266907417197,0.008902774552644654,0.004591860304571815
2026-01-23,-0.002830125815332929,0.007905923856641461,-0.001560739937523259,0.004388367194544607,-0.004463668706180646,-0.009341435603062664,-0.01798061336854806,0.00384081324001051,-0.00934968728029506
2026-01-27,0.011243367648314795,-0.0035692457589748816,0.013398838523805301,0.0071222779482778,-0.014687699127850173,0.0073427040096119,0.022972340373057287,-0.0014229249011857847,0.010327062040898616
2026-01-28,0.006800504778649463,-0.009371486074049029,0.0046275353642100114,-0.009627355822167227,0.007845658409425527,-0.00836345223917323,0.009827636467744316,0.013331253216038563,0.01086031950006272
2026-01-29,0.003002023969468137,-0.010847546984035783,0.01162537470330327,-0.00420042004200416,-0.007940199219514055,-0.0034818909100577944,0.002538741111306919,-0.01740576657376902,0.010322295703559803
2026-01-30,-0.00668091929449488,0.008671215462446424,-0.020670696798636312,-0.01114793612533893,0.011142447553835755,0.034552435104893586,0.010270187341644643,-0.00651952698024183,-0.01209344920086386
2026-02-02,-0.001237583442628476,-0.006616077190002123,-0.0016235802006457911,-0.0070688455733927125,-0.02312583399672652,-0.018087661791572618,-0.044979874802994924,0.014629212439941641,0.022794467262135187
2026-02-03,0.022195924106223952,0.004793640433572444,0.02727668614124812,0.01632501238945472,0.0061963827405404626,-0.0002293612621867558,0.03450957683001654,0.01757317940930858,0.0016095723678761775
2026-02-04,0.004637886921357026,0.0010132155048565572,0.013456194789687181,-0.07258451157721924,0.011929751023197488,-0.003669777625231352,0.0037586921476506774,-0.07013299468186285,-0.03852654006945766
2026-02-05,-0.0035672683516920767,-0.007001306476697611,-0.008449321363093065,-0.010157635864221692,-0.01162973976581827,0.00023025887972893955,0.004961663612051748,-0.002534126040737772,0.00021429267396322338
2026-02-06,-0.009055529652050809,0.0296466410649443,0.006874311196518157,-0.008617271416065497,0.05029005471323411,0.005244927750192918,-0.0066138570898346405,-0.01668056237464488,-0.011440071022442155
2026-02-09,-0.004090931554365906,0.004455098195552898,-0.00696958034845907,-0.006568923478492916,-0.009208103475763063,-0.00590813546666491,0.0746436363124372,0.0022436270385235435,-0.0027739224439247145
2026-02-10,-0.005174687208255535,0.007638643801334721,0.007304985185981661,0.0004008133020445559,-0.004337032061420887,0.010033961288182791,-0.0016579619668957157,0.012346566409074944,0.00604137421151929
2026-02-11,-0.005684307903633612,0.003790269121844103,-0.00028441124355671477,-0.017292044044414756,-0.009800852384268866,-0.002521723077623439,0.0339131628844358,-0.02506200039558537,-0.007171571492439743
2026-02-12,-0.007011110097259965,-0.021600533225588525,0.016997386266295322,-0.05835995854966969,-0.002513708697466588,0.00015318406833308984,0.008031109818182447,-0.054883479446016126,-0.04669072643283623
2026-02-13,-0.01814029069601697,-0.043366395035688954,-0.010769247842001728,-0.012193379808125848,-0.011655416805018803,-0.017541190665693263,0.005199556394609672,-0.021053832380035886,-0.02277709262122496
2026-02-16,0.024228302674405233,0.005986486691147874,-0.002120740882069816,-0.0025564239737145833,0.013386493090139506,0.005613654591641648,0.007925913727268252,0.0053488398876564425,-0.00387688283082932
2026-02-17,-0.00010798832064773389,-0.002889155313443248,-0.002904488280566664,0.01874632106298435,0.02358861365640208,-0.00348891287768871,0.0043870945577615394,0.003990173759637505,0.011394579373359415
2026-02-18,-0.0010802635700692953,0.004843640935591864,0.0004973010102131692,-0.012579068871630517,0.021508679482079796,0.012137224767213572,0.004532717891328364,-0.008279973801645357,-0.01733972576767928
2026-02-19,-0.00984106899639181,-0.01902300459301698,-0.013776383337895881,-0.002329439677962508,-0.019401449752435407,-0.017218866933415344,-0.010829496248909276,-0.006308212036081562,-0.0034913434537849897
2026-02-20,-0.004095675076443928,0.015443316113634475,0.004104227370012481,-0.012623165872400532,0.0030674846625766694,0.011967187194466211,0.008625715215426766,0.0030994619406277124,-0.006391771509881683
2026-02-23,0.012885891664853766,0.013350573490494622,0.0035138217383021697,-0.018991983519966005,-0.00489298502604163,0.0164630746281893,0.00962097975254883,-0.0036854673977010366,-0.018917379248817645
2026-02-24,-0.01418360321807799,0.005628121370393702,-0.010433025104491178,-0.03917137476459509,-0.005838948777266428,0.0037259710326429385,-0.003665091888777061,-0.038336545149777024,-0.027927534202951132
2026-02-25,-0.003185089966021404,0.006910796240404249,0.011337341578779414,0.011446472431154486,-0.011591962905718733,0.0025757760712594724,-0.018965153532375267,0.02160317780281029,0.008893768285825887
2026-02-26,-0.009916262937523457,0.003537052856874112,0.0031417525269992197,-0.0007751337252338564,-0.004534830983678684,-0.0040804173450528225,0.007832701112649332,0.006998023048738977,-0.004160045292729286
2026-02-27,-0.012074311017939543,-0.018965279337823993,-0.018506654956350843,0.008533085259737172,-0.014765887118129983,-0.01995451352665023,-0.0064489862158949585,-0.0038901873392286346,-0.0005967531136602533
2026-03-02,-0.009405773681709362,-0.00748470949449187,-0.003553574825806982,-0.008614684549030471,0.00414536915710273,-0.009290083187750486,-0.00981936193498667,-0.009061918263707835,-0.01189291057822961
2026-03-04,-0.01222424346322104,-0.025553756068534383,-0.00625907975686868,0.01435332426842817,-0.009367995384664485,-0.026881225018605792,-0.012942284307999596,-0.009833537850344354,-0.015208763464111485
2026-03-05,0.010475997617194421,-0.002786029581253402,-0.005712647347777988,-0.0012237842711182445,-0.0014425779433295816,0.004496888594204496,-0.004257130693912314,-0.0034778575740717077,0.0006647385425457841
2026-03-06,-0.02358303868644973,-0.012993369768569796,-0.03255741895015751,0.0019910977858139667,-0.005778451983848298,0.0011991365982286784,-0.022659256092347202,-0.008220858837624467,-0.0014309014195478253
2026-03-09,-0.01907703846778075,-0.013973066539921697,-0.02664839298721222,0.005044310197787727,-0.011947084472692326,-0.01325453150937439,-0.03893263342082243,-0.011808020863064206,0.017144351116460843
2026-03-10,0.010407993187759423,-0.002004987828568061,0.026204630288046316,-0.014752870276853569,0.009967280369178821,0.004369559904833009,0.012471507666704573,-0.005657911387208392,0.010968516607704482
2026-03-11,-0.018247100803175043,-0.013149506652447629,-0.013187017688982672,-0.014896516765588896,-0.00016174662657564287,-0.006042539715634732,-0.01897138690188338,-0.019179576395485398,0.006469930319738193
2026-03-12,-0.001438949804503764,-0.011335246186248593,-0.021705527665578206,-0.00822690558512551,-0.01585758542551574,-0.010456272071257322,-0.005407409537237062,-0.00912815971902381,0.0013845561252650018
2026-03-13,-0.018913239267487225,0.01081009813838918,-0.009238019085570426,-0.013825248321171602,-0.008714218491604808,-0.015235990262373211,-0.03520084121882239,-0.013060884220122415,-0.024344441309116838
2026-03-16,0.02888613902807524,0.007268495912905015,0.014424589481679906,0.0012016341755398674,0.022557596674763536,0.009316314837036765,0.018815617165114595,-0.0005393274541070081,-0.012501271372672429
2026-03-17,0.005650725836256365,-0.008043388515302508,0.012412543369292095,-0.01352218255224813,-0.011029988309762762,-0.005356848417024551,-0.0018749414939063236,-0.007263822162825395,-0.019424905306118512
2026-03-18,-0.0027207521847676386,-0.010610649088058643,0.00046566127026248516,0.02773943587853256,-0.0026243014417891564,-0.0017399747646512642,0.0047901736546869245,0.020529371852097134,0.015575975399630071
2026-03-19,-0.05319966340709026,-0.027162458986422555,-0.030404150901737204,-0.03654007390885028,-0.019898003735781322,-0.015355245061613676,-0.019536383866271767,-0.03474272661901945,-0.030313943886452033
2026-03-20,-0.02223753411243512,0.0025994811615184243,-0.003759660238111806,0.02875161712160046,0.006543665124265852,0.006153524789132003,0.008675732075629439,0.01468594976920623,0.013215806942185937
2026-03-23,-0.0465116115384715,-0.014644452256715401,-0.01822713409120691,0.0007166369906572712,-0.03167194403527118,-0.02245302220675438,-0.024669164069884175,-0.0028444944994320265,-0.0176008418951209
2026-03-24,0.02788416222432888,0.01598287184901026,0.02330907102162283,0.017106937591263804,0.002754304559638099,0.014055452226130027,-0.001065971082384709,0.006292474071964982,0.006398700277227665
2026-03-25,0.02274802304031187,0.02388491550509597,0.00679347852598533,0.0006257738615795816,0.015279011869635095,0.017663983499460523,0.02890951236536199,-0.008921188114378031,0.001642458141207337
2026-03-27,-0.03336312922561968,-0.028293116499379378,-0.02056037417454515,-0.007348936434586784,-0.0033818057447351224,-0.009052424744679821,-0.03875162788235165,0.005215843776282814,0.013488511031971129
2026-03-30,-0.015141512856649442,-0.009111021612754677,-0.015804829979153667,-0.008112095104285233,-0.016118085521703462,-0.012655025313324408,-0.025796947320224417,-0.009038453935442003,-0.0049060668656680795
